temperature,vibration,pressure,current,rpm,status
62.472407130841745,3.036462217224816,4.093645469887248,18.45405988417796,1486.3950539403113,Healthy
97.04285838459498,6.960910421161939,3.9758303925759986,20.933627943827446,1766.5187951599837,Critical
83.9196365086843,10.60240419464049,9.250036644168294,10.00935797584998,1712.1931157481908,Critical
75.91950905182219,9.054473750505172,3.996369598796049,17.497481992139978,984.6798856325285,Critical
49.36111842654619,9.872172626475948,4.175597809029048,16.434919662874975,979.0993636897687,Critical
49.35967122017216,8.246617033817891,8.07518609934371,21.65660753576542,1121.8092412938959,Warning
43.48501673009197,8.615042209696377,5.59791873960432,23.12174120962521,1233.2896716092446,Warning
91.97056874649611,10.341152167218512,8.213684455641449,5.243135429547737,1290.146697690179,Critical
76.06690070459253,3.7463480974510452,2.522929260515082,18.480398381175853,1615.6366602000144,Warning
82.48435466776273,6.383674600074546,5.9005695493870745,6.036715982394581,868.0165185990024,Warning
41.23506965774815,3.4333038600156245,2.268908801466261,15.977173301547118,841.6072450712796,Healthy
98.19459112971967,11.864348087963117,2.501225627642836,10.752654580873564,1270.2926755326907,Critical
89.94655844802531,11.384652736552745,9.251499626755287,11.135531990442825,1636.5964305655766,Critical
52.74034664069657,1.4336949250535649,3.1139629689407613,12.05917006904713,1032.1224115477792,Healthy
50.909498032426036,8.761326897672573,6.259365458201737,17.425848980992203,1569.805377507502,Warning
51.00427059120603,11.177731491572324,5.288764820805652,11.680999313375384,1111.7937655283595,Critical
58.254534577572265,2.986328796400669,4.778746610070741,19.65398101180561,1863.3033305762197,Healthy
71.48538589793426,7.247397536078924,9.19866676549818,13.090547711477393,1874.8279331199399,Warning
65.91670111852694,11.07037127346846,2.174587174203916,6.367064006199172,1156.7446451375918,Critical
57.47374841188251,1.3734057644437874,7.310317489404713,20.675196849682145,1075.9925047558886,Healthy
76.71117368334276,8.671622939715238,9.707155473708404,10.71516649185412,1293.5647664794774,Warning
48.36963163912251,4.2708390810980585,6.4813454676947355,13.655337591985253,1088.6379022161784,Healthy
57.528678912113094,11.168358149141834,9.494579696264735,18.70887766443803,1606.8606119500444,Critical
61.9817105976215,11.681640696819045,2.41806303428819,11.64912314297424,1791.2776214579426,Critical
67.36419905302216,11.386931380247773,5.350346552593291,6.131713122934313,1607.7105570934605,Critical
87.11055768358082,6.216356383232101,4.081262327696409,12.478420940256271,1789.2205366992193,Critical
51.98042692950158,10.482469160882447,7.846567719845838,23.888971653886067,1276.390594648969,Critical
70.8540663048167,10.290043383885774,9.850376723977973,17.83468794597116,987.580364850633,Critical
75.54487413172255,4.510105205675812,4.0522404995539825,18.42958297334414,1685.5411368771106,Warning
42.78702476319987,10.11807021565745,7.233396811792596,17.645643072752797,1232.5694061698646,Critical
76.45269111408629,1.4070839818704188,3.584781062077921,8.979842779188736,1605.524990274959,Warning
50.23144742123749,7.558968663302584,6.522642036572879,13.366677282045602,1124.772730378119,Warning
43.90309557911677,3.5300972101647337,5.71145989350669,20.018795967266364,897.4755617680072,Healthy
96.93313223519999,2.326235743550067,9.776042637052296,7.027457951063183,1991.098154585316,Critical
97.93792198447356,1.8464852179213007,6.8682181815717325,10.557055521794245,987.4418095167191,Critical
88.50384088698766,8.659176534659537,4.79605097669455,10.526382169317072,1986.1051927561773,Critical
58.27682615040224,4.738624601448727,2.912766279103467,13.64037855189012,1972.7359190797367,Healthy
45.86032684038303,8.972434486816375,3.2099746298794765,24.607374818843702,1752.5817246896477,Warning
81.05398159072942,1.718919748788366,3.8025354396098807,6.350050933676439,1591.3075544983972,Warning
66.40914962437608,4.468193716136714,4.007733290722384,15.374019887611901,1493.3684603013016,Healthy
47.32229409068673,6.934404216128709,8.804928462729102,8.587293640244209,1839.3218544534016,Warning
69.71061460667622,9.697954813228598,6.489782306260199,24.413530908194883,1147.3274259433856,Critical
42.063311266913104,4.506277532252769,6.1871272909949315,7.266070094549284,1361.2174549818524,Healthy
94.55922412472692,7.8848051408071,2.9181509749537398,13.072020047231824,1543.2679632398022,Critical
55.52679889600101,10.745755230598059,8.88111754679548,19.75769969669212,1293.4285710433892,Critical
79.75133706123893,7.77449507000535,7.78251442566787,19.091088560548904,1312.9837449083216,Warning
58.70266456536466,3.5625542222899713,2.5413468952000127,13.454572737878646,1196.3416010025012,Healthy
71.20408127066865,1.2684085971219181,7.662680777838149,11.930483359054364,1477.0781800214431,Warning
72.80261676059678,10.57108761291023,6.3483057387411685,12.952247571057411,1820.6894336181392,Critical
51.091267331531625,1.2339635193542584,2.653802765974226,10.285525263172786,1041.8340536075755,Healthy
98.17507766587352,10.621718399526193,5.666405132229252,9.106658774135996,1921.3196465041297,Critical
86.50796940166687,6.818308474299332,5.877570297040376,14.6607939511778,1626.9051844978756,Critical
96.36993649385136,11.329744683641858,3.326196321306206,10.370675121352146,1787.9278552160363,Critical
93.68964102565893,9.78661559351032,9.565585176002259,10.749233297945002,1467.428831156014,Critical
75.8739987286651,11.977275215866712,8.799802971845295,18.13512126949114,1735.4200417088762,Critical
95.312454101387,4.857829969968812,7.3521786986328665,24.370746633997843,819.4404768073607,Critical
45.30955012311517,9.439071178242395,5.698364488004858,17.072744011187503,1782.0565097354422,Critical
51.75897174514871,5.421240049701664,5.294124332676068,6.539589341299326,848.1666309024398,Healthy
42.71363733463228,6.278631823342997,7.207787737207633,6.51167227708134,1867.896051635435,Warning
59.519819845795865,7.902560095402071,6.363454955255244,24.02846441691132,1990.355296686372,Warning
63.320637381368925,10.610448256049727,2.498184847055085,10.945815806146673,1152.8809546121333,Critical
56.28094190643375,11.824918161192246,6.1000211901626535,6.841339721649509,1052.3822675429524,Critical
89.72425054911577,9.4510075525097,8.451228937862716,16.980891743007632,1718.4360366296487,Critical
61.40519960161536,5.595434603840672,5.6739190207756645,17.47297556580532,1103.6316091043038,Healthy
56.85607058124285,5.634927025047772,2.4156526204341473,17.970096402373763,1838.6748598066442,Healthy
72.56176498949492,9.113405317477806,8.290225595072265,10.348040557150826,923.4111105889721,Critical
48.45545349848576,3.626548603451326,3.610910257087795,5.302213684289501,951.1462356552299,Healthy
88.13181884524238,2.215215244445341,4.06896667910431,24.300307389089436,1974.9818661207387,Critical
44.47303862078625,4.900843734048542,3.317650827458367,10.01786091382205,1608.6066779240055,Healthy
99.21321619603104,4.1596289081948985,4.64172051897198,18.520525761050948,1816.2646693147435,Critical
86.33468615779944,4.259389325015891,8.05401204550908,19.13259739757419,1189.1952528218217,Critical
51.92294089205035,3.5696852615490093,6.155086876031499,17.200148341589713,1611.7804994247253,Healthy
40.331327027416144,1.4630250859999807,3.6390501932057004,11.258147884272965,1513.0901927703167,Healthy
88.92768570729005,1.196613282067552,9.022640625216326,10.421925075281315,1523.7801441475362,Critical
82.41144063085703,11.864946287096346,9.036654839612233,16.95336565405406,1619.0389514452659,Critical
83.74043008245924,5.7055044710944856,8.964627400368055,22.32191267223383,1490.4310077549183,Warning
86.27622080115674,5.227593118756499,3.9103696910523142,23.934674578467913,1314.874843163199,Critical
44.442679104045425,8.476120109623768,5.609914753447905,7.118116088075153,1131.1072332566562,Warning
61.507943712656356,3.400792766515706,9.879917249127,8.096572251954397,1722.2975970958423,Healthy
46.95214357150778,11.449573023452478,8.176099810479922,23.89472517566159,1071.5269160038233,Critical
91.78620555253562,9.649795158571072,2.2173393698044785,19.730704566695852,1630.825167385297,Critical
77.39788760965348,1.9835210254348548,2.5216367300839364,22.659876496595462,1079.999387179192,Warning
59.85388149115895,5.5933885336342115,5.711451014498662,9.052652682706864,1550.3962039453447,Healthy
43.81350101716142,10.670301383183812,9.273761646892481,16.751717422188037,1696.4939205548349,Critical
58.65893930293973,11.392052245205512,6.309614383621714,19.022791888349474,1062.456666687847,Critical
59.51099932160482,6.141416623748567,5.982500064274322,18.602237708939455,871.9319610335699,Warning
83.77637070028385,7.747525281317785,2.8437895996530447,13.163033817333963,957.1684915930089,Warning
78.25344828131279,2.8373734070128274,7.254240837794352,5.3078978338261695,1527.1963607252305,Warning
93.23276455457959,11.902854887506741,8.576825284801803,16.658521136085263,1819.3356874708825,Critical
68.33289550971696,3.5483887152178775,5.043360060060499,10.062030783592174,853.9961854825092,Healthy
47.1756547562981,11.370049515486382,8.20489480740262,14.005084922857806,1680.9815108499756,Critical
82.7946872333797,8.146113138916053,9.715813231206493,24.151620301676346,1209.5823751400626,Warning
85.64710291701385,7.68510474366745,3.6301316730215127,12.980706352848694,1374.234043903427,Critical
73.67663185416978,6.6395736211815946,6.18663704955793,21.796032133288534,1914.6314598146787,Warning
86.25803079727366,3.5373679288953457,4.297103664676604,8.770812114985024,1198.3658056830145,Critical
69.62773578186344,2.941808352060591,8.342835352270715,18.449209960500575,1358.4043207273833,Healthy
71.36396976291965,3.4253482997719287,6.62074692704926,24.54013908877887,816.4188977128173,Warning
65.65246110151298,3.0508208835867996,7.07665934040243,7.037862017458735,897.9184640058061,Healthy
41.52514760464571,9.575429209234287,8.383313276927153,5.16639884454384,1110.309909361741,Critical
46.473485619598264,4.851377850834031,5.167763781299639,13.671655852652286,833.4226889852893,Healthy
41.885751141204054,1.63626944219736,9.320720547256347,6.852509661027344,1557.6503912579012,Healthy
78.18462467582683,11.660128931548925,6.26423093796912,19.967686993524627,1311.6780281619472,Critical
58.8613588645796,10.721644734597682,3.263638582682784,23.29097327697118,1457.7742432736263,Critical
70.51424146988217,11.205275115147343,7.56719294535042,13.680419454175176,1009.5766230755954,Critical
94.45398843556558,11.943986049110789,8.346090803506035,10.174232843108818,1155.1184353239394,Critical
54.9575337489325,2.9128477414143603,4.534093416540213,13.688066380132195,1596.58936982327,Healthy
64.62297538213778,5.358662207929246,8.857434055990023,19.46895635700002,1958.3632683564797,Healthy
85.33306831258292,9.340623232745005,9.249146038126131,5.18108323160742,860.500128322651,Critical
53.72788992949735,8.656226798591714,4.215235899022471,16.789079789693943,1868.4611850263193,Warning
44.61879458972758,2.6928549697384057,9.868171781721777,17.26583369774758,1492.2574415734503,Healthy
57.38508717482608,9.974164374896796,3.1256922243900673,17.75376493791871,1476.7034801067484,Critical
49.67327723524026,3.4688462902032673,3.6161253472199197,9.840441599617545,1400.3342422493124,Healthy
95.78185914055439,3.461993763048854,3.473798713904209,19.281054467562534,883.2729030850201,Critical
88.48722277386501,6.906718651827549,9.151917680062963,6.827829726635528,907.8522220833928,Critical
78.00422539062541,7.522339283258734,7.234340418599695,8.985406729336017,1521.0944067909033,Warning
92.28763541126307,7.380948286215923,3.216834265778183,22.54940093308964,1209.1502857226699,Critical
88.22032461394687,2.0063552113753036,5.522587346946792,19.774463014531328,1900.7216798932168,Critical
51.19420353316215,10.652069488934185,6.922384200558416,5.2749110802269055,1287.9086448313667,Critical
93.55353990939867,3.921600468475767,2.6677126799150663,9.967525207396005,971.9377504431693,Critical
72.36053451493905,2.424664134110846,9.05933094725871,9.28812965986329,1657.6626002024432,Warning
88.44640930984374,10.776228878558749,8.428828283532281,10.416126560739452,1152.024105729212,Critical
93.7654779954096,11.512166480527288,6.041654188613106,9.951195405597728,1430.5643688270718,Critical
59.08020849831183,10.483403789919956,9.737012922073363,6.250525914856915,1637.399342606204,Critical
46.60311547166061,9.90467682197366,5.342087834200798,14.178810331936408,1880.3169334424845,Critical
53.6761097525165,8.207661787029238,9.872882552291983,19.654669495723304,1750.6294337620113,Warning
65.62646731757538,7.059431076700532,7.3433599904290165,17.134634494348727,1611.633281447269,Warning
89.08088595534959,1.9568543590255114,7.077370186031532,18.457433371961596,1615.5598188741724,Critical
91.64383499538062,5.492985343777685,3.32763916236628,6.622983570724783,1935.109572838504,Critical
40.41712783187144,5.099573687135454,9.055422066437153,24.029814203535743,1154.9889169958433,Healthy
70.64483815465394,3.857291621363588,5.419917503364921,21.769836676860496,801.3345130354248,Warning
65.04466018892674,8.957621250574434,3.297867246259835,21.101806369913255,1126.3454712778384,Warning
53.326468628243816,6.454633085866479,2.1008601598060723,21.45967610083535,1061.4696555520927,Warning
47.19192204002097,1.8915083749841273,6.478045469107061,23.654210162655225,1594.201502136798,Healthy
60.25691028421768,3.422015221447925,6.219196976981411,15.885079322273954,1560.453919718635,Healthy
96.57458223475115,8.515846400255555,7.7548289789532685,9.005640357352519,1512.1536592456687,Critical
59.39217592124531,1.837439454393302,9.122064424142417,17.335672157050823,819.4921318513444,Healthy
71.12743730460197,10.363276054536456,2.635252677144236,19.857629873358782,1674.5336653407771,Critical
82.18113753371067,6.446611797153718,7.851971922722899,19.75834786708051,1188.2364949825899,Warning
61.81777614275764,6.2864523505931285,3.4992955527806577,15.428980483337602,1598.0671868079573,Warning
98.30692496325764,7.516485631254693,8.865416425257312,6.3691743866715615,1467.894114202584,Critical
97.74683769652668,10.07149062517664,8.55250811089325,12.422258768602557,1211.2771105134887,Critical
55.10693774952185,4.825901286924124,6.326350039884355,23.415332169267145,961.4915205249292,Healthy
69.83491035354312,8.4581776781497,7.681942388986492,16.688978195148522,913.3026771925771,Warning
58.052698589006184,7.223051603953702,4.514800905469987,15.766638865114269,1797.8219997346682,Warning
57.090429662648056,3.9373109718636345,5.769343191462517,10.377070287643871,1902.0770504978695,Healthy
42.213216841271965,10.664929849906738,8.573095181683772,12.368978398331578,1579.7456561171593,Critical
76.57386003879381,9.771686237676208,5.674121577385711,22.906921783063385,924.12093783258,Critical
70.16074139373168,8.24297018124268,4.862386122603534,18.329260950536714,1282.432660265889,Warning
43.08872507499936,10.356399020036662,5.953699578002399,20.747740535046656,1674.7270401261885,Critical
56.71878785419669,10.540236210557826,8.625994019497746,14.086908461353103,1735.7850608120816,Critical
94.49595315799922,8.791992743865382,4.681664378966982,17.60494438912316,941.8623467493063,Critical
54.37371344001835,10.207146612000393,3.3900927450859504,9.96767217486415,800.0368626144589,Critical
48.693692325473386,8.67218607836212,7.696112162646246,19.109216605669726,1654.564455056726,Warning
69.36716561665378,8.481548489363306,8.607825701664655,13.552026674066745,1227.9154111834468,Warning
99.13902724663603,7.804725160367028,2.8050998281882666,13.850910296294911,1105.3775979419124,Critical
54.523316290690026,9.279883035134054,3.918992902047558,17.986446491537635,815.4769637474305,Critical
80.32813284435272,2.744656158223811,3.135775918087951,23.725612429378533,1448.3592881137997,Warning
85.69717691972306,10.689578351188214,4.783531292657333,6.2801269321724185,1821.3808825111782,Critical
54.25825263954398,10.590278805197553,5.602807831243301,21.494864746940152,1949.1579755271055,Critical
83.69298091671158,1.3217201133801506,7.990610695706452,10.847662208243863,1478.8939407359471,Warning
62.06698796315519,10.08398425621239,7.209180679053393,13.878389090127556,1417.353593287873,Critical
77.93834983561476,2.4175685422078974,6.967428539827449,5.43826657550018,902.0676625870893,Warning
78.01178264565368,4.686307396850561,4.818999572877235,11.020921556686261,1458.6473618511197,Warning
72.14648104448551,9.178590819207685,8.731580424678079,15.052624852602609,1255.9748947584735,Critical
45.4173862032645,2.7683588565313904,5.7702973391853165,6.12352154694878,1528.5623370602923,Healthy
90.11814973535428,9.997637265309685,9.832839504121235,14.821914587663302,1266.471617451856,Critical
59.24680389830415,10.15347595753516,7.073137106365895,23.542212577168545,1088.3589481404401,Critical
51.19111062399125,6.582145071369198,3.010117932516022,7.107864362156104,913.9583302740518,Warning
42.44650849328583,1.0702445888851693,7.409420496603472,20.288814561510087,1177.902133506675,Healthy
75.4535765912945,4.157419464924041,4.600832123453592,13.193421067519854,915.9738011453028,Warning
80.65386171053694,7.7861961021331645,7.490617573488779,18.10347429048676,1012.2763409887807,Warning
40.99526973567137,11.793047958301658,2.557129185299246,10.204731959704587,1984.803390295455,Critical
70.72558349795686,7.949948797183352,3.399051497407675,8.189845250827165,1332.9242682879424,Warning
53.58974651187628,3.857839391705758,8.84589807124629,8.20925228542453,1438.2461198060198,Healthy
78.71036742456698,7.974062734095725,3.817436456188119,6.409838912862893,1848.3422344846583,Warning
50.46198574029948,6.93983917687441,8.696329001943521,8.71293409802486,1994.6826805888254,Warning
81.45626428614796,9.578299346662579,4.2342087076352835,18.284387699779366,1499.2573392136178,Critical
63.20412077803225,2.1767870270965424,7.143055280469661,22.63381223687016,1774.968585253006,Healthy
96.20379932420407,9.371306927522308,7.553204588078648,21.282513711823235,1192.3292292040103,Critical
48.25125664875959,6.953932365437213,6.1012380251604235,18.702686197489683,1166.8927489367493,Warning
60.46398106301551,11.59291204244894,4.44248541357385,7.208637268222054,1283.2444651934723,Critical
46.80841127443534,4.760593826425547,3.701155010968769,10.783748925918996,1607.0087152083788,Healthy
95.48161709671376,7.958840824473429,2.2655148364994098,11.196137506449379,1618.6300271061186,Critical
92.64036120285886,11.252309160610192,4.4315712099257905,9.999138927952425,1178.287321579341,Critical
55.47649766290934,2.127607007897472,7.225302324250264,15.300113194194463,959.8519089639544,Healthy
79.59904276205074,11.309513359600963,9.506438547587862,15.71107629759345,1558.8755077586102,Critical
89.03333201207295,8.566742945308947,8.969635858104416,12.137719503422204,953.9910346265174,Critical
73.31204869596775,1.746207650156891,8.12851821228242,12.07578317472872,1494.191009875196,Warning
71.77903470136039,4.310599236414979,8.30757874602639,21.571111958121627,1632.1065536675708,Warning
54.5111374540271,8.789892975098098,7.319879227807962,20.785856966393712,1640.733795673342,Warning
45.586166068353954,1.7408566161564887,4.082294860528024,11.155916633614913,1704.1665327915161,Healthy
93.83294547719962,7.403875061939006,9.257560245646639,23.275768877465186,1847.4313058787975,Critical
94.02508342979982,4.804713626482524,7.365858495246672,24.05630034005012,1399.950790357746,Critical
77.98608743639608,7.830070695442248,6.48352504784352,11.534850840600816,1676.2990274354854,Warning
60.34178746292204,1.5031623719376412,2.8879157537078486,12.088498975861096,1543.007282439004,Healthy
60.95257447675965,10.58690486767614,5.576444350451403,15.112683068439177,1023.9679277572191,Critical
83.55734073221436,11.708378660951366,5.68286616961541,23.82241625067347,830.8275738432898,Critical
93.82661559715463,11.657656408142607,8.91650887618136,22.52638866284623,1141.4496628123206,Critical
93.22518545590704,9.246170149172173,6.373185761502308,7.051359251671796,1331.6404476051434,Critical
86.79253275145743,2.4309486414369514,5.043204391763277,12.854614865428324,1540.5271333143876,Critical
78.52189876925726,9.340895155219249,9.814402628085276,16.067423794995435,1819.9511966038465,Critical
45.048397899702934,1.2704560810468166,2.8857647466105254,15.0626494510308,1035.4948600473988,Healthy
49.69772284567682,1.2433590668189698,5.380387426495557,8.877261358737854,950.6597478781725,Healthy
93.91325131162475,4.559712410644954,2.3361974013712423,22.176335423363092,1956.1759369691931,Critical
76.3857435795754,6.375075094451323,7.919232966135443,18.538815659936745,929.6534712516885,Warning
40.55182309699778,9.474481595885726,9.344612417593204,21.758167497036073,1374.1892841286272,Critical
46.08829257196193,8.516249142671558,4.2402986364039155,22.175285586989443,1502.6764745519622,Warning
79.81010614648335,5.904929770144232,8.866733414392968,19.967117073314796,1449.6493050889258,Warning
40.30369503077312,4.0098933290983245,4.337745843695182,13.784212024994346,903.2385884395319,Healthy
49.64848308504992,11.968369501734824,9.286161293151322,17.21093510030849,868.4322968043432,Critical
72.92402736199517,5.687994324595702,8.031695228774272,8.207308122394863,926.5801129532429,Warning
81.5137118615616,5.965257267626431,8.439254214731509,18.472908349498155,1502.7052206471349,Warning
79.11767557015602,2.799862033108361,2.144052444803636,8.585065114785614,1453.2138651611854,Warning
53.45615856763359,9.742905036249223,9.702482856592209,18.878991810203136,1080.488950444093,Critical
82.73075328085216,8.630504483596376,7.813367936562586,9.591963215079373,1565.32897021471,Warning
54.23494524980801,3.4284657406763643,4.4380087630890666,7.3510260030043995,1784.0810024667794,Healthy
59.52398188955606,1.9061915017742697,8.635157318870775,8.305689802859149,849.8947518159125,Healthy
84.78948430708145,8.485492322821845,4.25216958731944,5.039842704381405,1397.7559322576508,Warning
78.97797394283288,8.199623357092488,8.982030716529025,19.374792357070604,1627.1724945232284,Warning
90.95340462965068,4.0058547969803024,2.900643123295496,19.648020981167583,1102.7743124836245,Critical
79.4567735380206,11.459499184754513,7.629487819686366,15.298666998265189,1169.325086351779,Critical
74.0985162001283,2.6616368095899023,6.325587813159283,8.227256021107674,1536.3654835872605,Warning
45.62048606968555,5.755682811468621,2.7722757615635265,6.671086750213795,1877.5223521324842,Healthy
62.06294818356601,11.379775121843588,3.935150626070712,5.38257932874574,1771.9093043634794,Critical
55.91214206090353,5.6170004861873455,2.0992322902185183,8.314963539304415,1499.7562629195002,Healthy
54.63937860274501,8.02378542430494,5.750143723716047,22.817110699662933,1676.2660613086991,Warning
98.38063328514673,5.373538377590737,4.410122086080003,9.830736834033635,1237.7869642493583,Critical
63.58586348000563,4.016367225835371,6.7868598743820705,12.085426544344314,1569.1586337185092,Healthy
93.5227933106268,11.82375412755811,4.3779024616689375,7.106909689626663,1359.4179093530684,Critical
77.86831755983577,5.502674069465473,4.3993528920558775,9.447226094963405,1027.9233637490731,Warning
87.6886782124989,10.83509124047048,7.945545589852827,15.384491415604103,1642.0859286527086,Critical
70.15822558631153,3.5295006648019482,2.3851426878268276,17.15505366191305,1467.7575648185864,Warning
74.61423307758155,3.3441517442759165,9.223159961535899,9.90704628332422,1230.3458983443097,Warning
69.55106162913184,1.3424749117296249,8.818110995129452,6.154643184502344,1893.6070280943568,Healthy
51.71457926788267,8.168335079134735,7.342437465811252,12.820657382547973,825.1209413920799,Warning
83.34712691569032,5.053789780961372,6.745772560859074,9.684067418526682,1178.9277814993952,Warning
56.846341746451344,10.507940748236008,9.138419985117217,9.391078464596038,868.2576773331759,Critical
41.45895798588723,6.205308973607129,3.4826414362297156,24.197256054269104,1719.8327794659526,Warning
78.72833775443007,11.65012770706194,2.631753297526629,17.32600971851448,1642.5289449365512,Critical
50.62664076442294,3.0407806727343325,3.916081359276305,16.137568863441917,1197.6226624835804,Healthy
96.42751506117486,10.554854847511718,8.356626229601522,13.315502070466438,1610.7954826484877,Critical
97.23571462015525,9.54256538070916,2.2773621338118666,13.578886668602886,1275.1246714351398,Critical
94.89186341322691,9.480140291084572,6.662454680667917,15.818100076761617,1707.5045497069211,Critical
62.20952201532666,10.292615509285763,9.96350012953048,18.928596140722146,1345.0203952840473,Critical
40.927396991732046,9.371263900372988,8.845568750700316,19.04292192363659,1294.7356733979987,Critical
95.69911375526353,7.888423537945569,6.171565512348716,8.433878154108992,1921.6758985859612,Critical
65.69104889903886,2.443693654506263,2.5091272742931388,15.002255041532539,1101.0549198688402,Healthy
97.99928914262017,1.357787974403771,8.650988115085678,13.239161900682038,944.5368079958785,Critical
97.81719862535516,11.129326325972555,6.791828065417684,22.410539325387685,1501.4517359113497,Critical
91.1805673280416,7.783153459728118,2.9194639764765347,17.628378424367526,1963.1861747410146,Critical
57.66693352417514,9.76191020073794,2.7508582785868496,15.650081328319636,1253.407056472624,Critical
63.105863716115515,6.296745866638051,9.27701455549274,7.3078928435783475,874.4441163545379,Warning
91.06820029101141,2.290390078586339,7.3536021035046275,17.11275778646823,1207.166320771481,Critical
59.01532030937666,2.377043714228055,8.634294394534045,7.3440781136046684,1407.1179851834702,Healthy
50.16956480116555,8.541218159518685,9.03183120225814,11.744131511315041,994.3076079586565,Warning
73.40807574750102,5.73336484389409,6.574178816386578,7.856839296286637,1589.7226616677904,Warning
96.16928644964686,3.2057719937037037,6.13957081404033,18.841472940487378,1997.2992668122408,Critical
81.76178780049838,6.407540014155805,5.4434192825679215,9.125042276723052,1342.0873711777326,Warning
74.2036702053619,1.7062983078264748,4.535572702328954,12.83718746376052,1225.6742680762552,Warning
45.83058962624611,7.401685421058387,5.476767686869694,22.913495552375572,1280.8450002013599,Warning
76.90043360195018,3.958927448786074,8.191037245841251,9.086327667979406,938.1754140742414,Warning
99.4032310062558,9.77315010700907,6.815387448121053,15.156101279175582,1859.9283217114685,Critical
48.405040914191446,4.413981548159311,9.140186319638769,13.38543322332044,1297.7907866256223,Healthy
71.0997791418242,6.007421639899813,5.547040115033502,5.362480820914595,1264.7292937098096,Warning
92.64238431567733,1.127825938989107,6.856716629750032,20.855162271456255,1591.6283275165692,Critical
84.44611706525227,1.7969157657401476,7.05046042473591,6.380918126291995,1330.4401051173481,Warning
81.82094445971609,5.317429120473533,6.733577298450604,14.485100419539073,1577.8801625694152,Warning
82.14904503922656,6.279327181888359,7.621070184684131,16.213565898779,873.735548156945,Warning
61.56946907318531,7.600226029312341,3.8994677469984502,17.568529132291744,1776.468012466673,Warning
57.6155106558696,4.208288365802336,6.098910220366325,18.772632586157513,1928.6047434552831,Healthy
88.56166932871082,8.644800747391969,2.8337984224667814,10.0654476704543,1578.5184633912631,Critical
88.60680368075084,10.46134636908125,5.0760906211585,5.1995755331689875,1945.479114630573,Critical
92.02433911480622,9.578360877826848,5.901336548970115,19.468873247098237,981.718777243956,Critical
94.79443315338827,1.4358070788319286,7.21779407636378,15.713131986951572,1372.8994273764245,Critical
70.68054393165627,6.285576419836119,9.604248420689629,21.722354064144977,1522.1680807345367,Warning
70.09097768123198,2.1542319625999236,6.805208532386847,21.427767258013887,1498.0839769054242,Warning
87.89771073800651,3.6624951744878023,7.948751329412478,21.866523355757664,1281.754134906852,Critical
78.99783584666591,11.853288525938611,6.050128475961622,14.701893199590803,1205.7012912395137,Critical
82.11801263546221,2.5674509719166454,7.0728322510106505,11.672567916737313,952.1888270605026,Warning
87.74756016616607,6.487769687964917,2.5674577290701874,20.8311640518274,1270.0909406747337,Critical
93.40032050905398,7.79971307749931,4.035132646734776,14.0258822605851,995.1929781265821,Critical
60.27970941109215,8.727114675985144,4.89482474564111,8.66884392806869,1681.238811790662,Warning
62.53497715839664,7.156135518356055,5.779946840052109,22.099480391229488,1050.597122593508,Warning
45.63891639045214,1.1074793216110201,2.36518996401907,22.651197535446947,870.2783663414407,Healthy
74.69680845977044,4.591074390683911,3.1201927804265415,14.326195122803401,1462.839365380681,Warning
42.156536427804525,6.694828077231826,4.214514462330446,6.513994546195749,1514.275679263282,Warning
67.9358810879476,1.9665314905931668,9.772261527208405,12.756521798338625,1846.2956735366065,Healthy
72.5586780824546,4.856896243300988,4.650776056824406,21.070753189252066,1492.3779349012184,Warning
57.192475127697065,1.3652341967050323,5.85632846489666,23.035480570924573,1214.5770244681348,Healthy
75.44999563414065,1.8643634687052282,3.5687817019071435,9.069454849951917,1763.6142578315846,Warning
41.83001499634297,5.366156038217556,6.886240568606146,6.3394722405054305,1448.3346718249054,Healthy
42.24089132495286,2.459873294473664,4.245465724127794,22.547009062656773,895.1363415574301,Healthy
89.3560336395795,7.242949330877139,3.655940627507414,12.788098779577506,1479.020672375896,Critical
61.61143848467577,8.584114660509922,6.1325810275678325,15.835219285351265,1889.6222545059948,Warning
47.623630759113084,9.80645369019991,2.0440463932833666,24.361316241015178,1275.5751505978646,Critical
71.33459560328826,3.201652686692911,2.0613122611938026,6.331294558284457,1155.59096227976,Warning
86.19961318591665,2.842308404849767,3.752550472814862,17.96636014904191,972.163348421624,Critical
52.949261649810595,2.150246243678403,2.293770900006569,6.482108451497341,981.7346263224288,Healthy
77.37342854914002,8.000732744980004,2.864206033045531,12.509378569330007,1319.3257812101826,Warning
45.12084789962608,8.771232991355912,4.710885194710013,21.076290903868934,1514.8157889938354,Warning
43.10090327011646,1.3474475930820624,8.420685436638504,13.669444655112688,896.7384862035221,Healthy
71.88127789408888,11.298334708680589,6.576389146954407,24.94364707805901,1927.482306830199,Critical
72.43810729660639,1.5716841201661964,6.101341807651331,16.181185698932044,1706.1603409342351,Warning
78.2457940898924,6.954259688311775,4.347910585664973,11.42324305271907,1503.948701940395,Warning
83.5654800233597,8.799665713960081,9.454029755462532,9.402226518095063,1794.126405126789,Warning
98.55112476775207,10.580660361206942,5.176120329897533,12.010410685723237,896.224108174536,Critical
70.97802089807172,8.854956253456706,2.696742134366172,12.450665475191016,1372.2066532797494,Warning
59.377388376474755,9.81900891376771,6.93653212894241,6.3742735544792195,1556.111752233996,Critical
87.71117168612221,4.733952117970867,2.9107071478128113,12.391483988535462,1794.383487341947,Critical
56.24993507572445,9.963076251211634,4.761785142413537,14.284770394784498,1740.1634720591212,Critical
66.33828524233817,1.8812633102314265,6.059295509742471,19.454755044776093,1132.4830996560795,Healthy
44.70738288053596,10.842983216665804,8.993780197481406,18.134589694432158,1929.0562034710451,Critical
41.521044604927454,7.023516137691098,5.948372642720949,19.175313104583083,949.2150097170444,Warning
97.7589048806755,9.99027546958743,7.618070128253314,5.167273637537142,1850.1603423453826,Critical
90.15880723073235,5.975501129701302,9.942534711992563,9.353347991610722,1965.1282995255422,Critical
81.75845236562188,8.079354647161775,3.051912959183853,18.23368576799713,1012.5842278671507,Warning
64.53717666485619,6.7904292702972455,4.197852204156156,14.679787363594944,1666.4792770445424,Warning
50.39765920425074,9.04748473930865,5.156608604781171,5.106269513366919,848.3426225335982,Critical
49.38622256026516,1.8979298023364852,5.374625428310651,21.089892848636445,1286.507390166986,Healthy
55.01457388987572,1.6638729238962018,5.288168602124366,20.456191465806747,1419.539959037209,Healthy
72.95359988236723,3.718135574111611,9.26088802045244,15.968383259871253,1496.7742710915609,Warning
82.87575536200373,2.7549914812450718,7.7122611557348515,6.329266515525442,1923.1246978982715,Warning
79.61184260306388,10.589619232514218,6.86324171272563,20.330300990651693,1606.7008247530337,Critical
56.79603381675657,3.4113538609384877,4.474981742902257,16.674271754627277,1377.5335414630845,Healthy
97.29191683979164,11.734517814010445,8.590323073770357,20.639199543159183,1771.6100435190672,Critical
84.2738150017461,4.7058537094821755,9.640484091879912,20.03493984791681,1940.6393851452908,Warning
73.26124315068404,3.003297072575692,8.569586260401813,21.06004143915674,826.479378418749,Warning
76.70324477406113,9.686683578567271,2.0125208415317832,15.360161328092497,1979.0255267072464,Critical
65.1760037456674,8.245785530509638,7.091210961467256,7.806490363870299,903.3585668764164,Warning
54.86385937006945,6.480152880984528,2.409083051536806,18.423149467593774,1777.2641351225136,Warning
61.35836071907569,7.108999060313944,4.060857762669775,17.409475701039412,1136.4017030616951,Warning
85.47076662786215,8.911219560994901,2.4761976027821735,19.845063743981743,958.6155893046462,Critical
40.863609317785354,3.513002154644286,6.830363623595102,8.397620121014706,1327.826767656602,Healthy
46.964358430414975,11.959673076624162,7.492719307940854,8.899503998005784,1572.7478953371362,Critical
42.760158521305165,11.722724783614614,2.915901104527241,22.80819034438657,1257.14221402817,Critical
42.44372813913821,8.153582549816306,5.070711064359836,19.999555969041417,865.4784899392388,Warning
91.32763504066043,3.1949669602205963,5.649892071644336,23.16456977400646,1519.35336759046,Critical
82.21947156280143,8.482510666744204,4.952424174087333,20.174306423278416,1882.8839313328097,Warning
68.45042974523952,1.7941824987709343,2.9682000038815444,16.94310611980604,1259.8584391367021,Healthy
45.870049639060085,1.3371775242638666,5.351582321499803,18.082654740557473,1059.5993331569925,Healthy
69.49695250700994,3.8345117736233503,8.009424382467344,22.782558478800198,1331.0928151193784,Healthy
68.40830624683394,6.088852524132479,2.5680613162660437,16.57613509023881,858.0352532585371,Warning
50.39211219460091,10.550997559492187,2.6414401126552276,17.647826486567748,1784.58510137633,Critical
66.03109895427838,8.998859767429387,4.838170334687874,8.129534320072011,1791.608973140224,Warning
63.91028406384241,9.169771733199791,9.5338056929514,14.478424402322055,1505.6005561155541,Critical
76.95100588313298,5.6804266789288285,7.348581173783312,19.327942239161978,1223.7234667260673,Warning
78.10561905205863,4.805284918016592,7.429359653380518,10.418853966327308,1759.74003733494,Warning
42.71824058632267,5.08142639283063,4.89535992670292,9.045083610490698,1465.6244297460407,Healthy
62.47675687758827,11.864145201096637,6.749286329668307,11.276536164488311,1791.1187702600196,Critical
77.55159494285418,1.4412011055373073,2.081049472221947,9.83001255985667,1557.7505510996248,Warning
70.18817551480527,10.537346457346935,7.088768371276338,9.298252740727918,1741.2865678553567,Critical
91.38939047129934,7.365429494296327,9.306295580609895,13.49701685736174,1518.275591861312,Critical
79.52161789713671,5.824769611085495,6.9005877467585535,23.15677027767068,1296.9692818587994,Warning
49.77606562488578,8.977834264566502,8.98958874773076,15.141192934774367,1949.535031911365,Warning
44.23412484402579,6.353358355671731,7.7917844437287505,8.75840761630646,1449.3365898546135,Warning
78.54515669237894,10.607655618898265,2.964467331229522,6.539433387617482,1526.1074222486461,Critical
41.59067863249731,10.907720504123844,9.219626458286733,18.923122902758504,1064.5851672976992,Critical
75.1465348764078,5.63893019560801,2.531550754846199,12.655975288727756,1550.7809473127318,Warning
96.41381448549745,4.045105769585567,6.27173978038211,21.436618931707187,1485.9291793795326,Critical
74.52845067255274,7.515853614526985,3.1370969903476613,18.190215372815402,1021.8060775364299,Warning
63.29019557239131,11.0359968017836,2.0936528858472325,20.92482901082737,871.5045168237725,Critical
78.59729310654119,3.3172840790623326,5.376274081021112,10.438920788368975,1525.2311836577253,Warning
67.49517342949099,7.852632419198311,4.36032566123325,18.84717844922116,1716.4307232203846,Warning
72.7370073589561,7.947162421017726,5.888003950380824,10.281239693874376,1428.0816451064097,Warning
96.48788852659152,9.064243246568092,6.617599093876406,23.78136958900583,1072.1271503835749,Critical
63.16615826804646,2.447244536399858,2.349912578471579,17.727485630667488,1599.8263720316418,Healthy
97.67143382943485,8.874074611502973,2.984026360989965,11.490236003506842,896.1268719315227,Critical
94.32103851736383,10.999357727322051,6.469139171603403,10.390237245845453,1330.2004457623457,Critical
51.74746808735779,2.9765141975726617,4.745338825381266,8.818531701432871,996.0401100781042,Healthy
44.16167805250993,3.612976574162654,7.833387900395584,18.892819177874557,1021.35086127186,Healthy
46.0466800826456,11.685346034458036,7.218333188735517,9.374312259958547,1042.7527389898444,Critical
41.093309539092985,2.9907464798043875,8.764834903919255,16.906065318549782,1264.0484684527735,Healthy
45.6665776453557,10.398236027065371,7.539942613353802,10.292700538507146,861.3802467444772,Critical
80.98040640498141,6.415056420928383,5.439448619121185,18.239378895877373,1277.3521291149177,Warning
44.27131890761374,3.7195418184349474,7.383732979155459,21.298794570810784,1414.048936537641,Healthy
59.138537817625675,10.578248913997625,4.203049394043348,20.560504862893062,1379.95314195959,Critical
90.69251865816727,5.89835780502932,4.450507990225701,20.217026618615634,1259.3409204836487,Critical
41.39631614414955,6.662990893226592,8.311881279366347,8.754448113845042,1806.975929684903,Warning
88.86810895533614,4.951567063397423,5.571356131212657,6.767698939690375,974.3920309046049,Critical
56.911286486403995,7.522459365784202,8.38704272414682,18.97897656974771,1406.8360925376487,Warning
47.08988965729937,2.7987625984352507,8.579378989346228,12.366944275887025,874.4497003478651,Healthy
81.80422992184904,5.301896903169368,8.86049870129027,13.646924528066947,885.3868146534917,Warning
77.73657080679304,11.663535545688163,9.333081886729659,5.622981855867821,1488.6390196125155,Critical
92.64832081162318,3.839467759712403,5.44788176410637,10.191528985500984,1479.2221098653852,Critical
84.10426262823314,8.224103309954215,4.550934546569111,5.67352807748928,1853.6402154133484,Warning
88.20885582309091,4.577090706471644,6.657589972752911,22.583715452024954,1469.4484107920878,Critical
56.922074354278394,9.508204382552607,4.969379387501021,9.867933664370609,1951.7492244858202,Critical
50.64637262678337,2.4396102679018483,6.808593334401864,16.146743391460163,858.4338180799157,Healthy
85.0368850984515,11.668031495863993,7.644686901150597,5.779586413222608,917.6092217368893,Critical
88.41008435603584,5.991684955220032,7.507240147937095,18.33694782611316,852.8790338844576,Critical
99.4303085200404,3.5965550968111035,4.996423096160971,11.460546915081878,1022.332220400248,Critical
64.75706061468559,1.8084642206301393,3.3348816135900226,22.958383739153316,1449.5241331300138,Healthy
62.32108514756699,2.8673369559629482,5.44423470769766,22.762363778680715,1574.6866177129136,Healthy
86.58477764451982,6.717513434116194,3.14075315265527,11.505812367234956,854.7021895384025,Critical
60.448212415181075,4.707034940744149,9.120776281470466,23.019217913809356,1935.1650678147191,Healthy
95.84543953621389,10.117717024708703,4.767019685902859,24.923153469975578,1810.5984519804574,Critical
91.5047651105807,5.7397627602798655,3.2356779777865903,21.508313282478962,1155.9349785885117,Critical
65.7396416425011,3.735856998463929,2.203582079246007,21.897426955104578,892.6250362717616,Healthy
85.05226406748984,7.788594852644331,7.166579090291874,9.980174722181799,1003.8644878628687,Critical
85.27257244508094,8.774549385739904,7.095218539637946,16.534047977155126,952.3332965059672,Critical
46.187432130155955,2.8374609869104486,4.724833332650333,6.345118279347357,947.9405351587362,Healthy
94.15317440077399,2.8438113791714943,2.573695110781208,6.898358736433394,1422.2740263988808,Critical
70.31514234687143,1.4033856962689728,5.277031159161856,24.97785224066581,1095.0169309920802,Warning
89.5874479664645,9.100422165722046,4.489739960507149,11.53278498851822,1229.7676598349733,Critical
59.20297606183671,8.301849803839856,7.416965117880075,19.963678240976925,1987.406400061187,Warning
93.73139370977202,6.220939633247953,6.846233995621523,21.13330106053633,1621.1770987104137,Critical
63.35210072404979,10.285874938661168,4.91674982558032,22.160465420144583,1938.7768004564016,Critical
40.650259088817904,9.862371682450584,3.743140434039921,24.95256594804313,971.0678660397386,Critical
94.32291858515582,7.438898008364274,9.904287729244736,9.829929705137356,1258.567369799083,Critical
45.477200607168015,10.550984085645846,5.632012969568919,5.807016537193994,1465.678163938825,Critical
59.15881825542489,3.2642533104044507,7.506193886241896,13.22383035989172,892.1096742664856,Healthy
97.0037180230483,2.2311158133750064,3.124423740626886,7.601613396578939,805.0249323535494,Critical
97.03642881625336,3.967245726686886,5.884717597275182,5.448517783241103,1604.521200556301,Critical
74.40627328739717,1.6279554169824633,2.220293758955724,12.208536542829723,1570.1834201617226,Warning
77.91023273018796,6.8428648080113526,6.0436409432836,20.67476502150473,1292.9465719995342,Warning
66.90673131869919,11.302662615244577,9.712139256941619,16.323613824501418,1387.5728912384393,Critical
57.592646301883875,1.4327789473536061,5.073653703886402,11.255559784207081,1298.5316007105075,Healthy
59.71987272219496,2.343209054110295,2.3119681005992927,18.086840109854393,828.8060538138666,Healthy
80.35110736462231,5.974189311117788,2.2476463273547482,9.640363606176214,1202.4459274609549,Warning
85.1424717662608,11.272625192806954,5.103894079574956,5.2876289214417005,1012.4987064767478,Critical
87.4947426235509,4.477717154744256,3.2801994917055524,20.287067728728548,918.1090269216425,Critical
87.37708856767324,6.579582895572317,2.1868167706254873,17.474861697280183,1948.0645206672198,Critical
45.47236618292142,1.457301449554313,8.049708911601414,20.2460524900192,1519.2316700505987,Healthy
69.66521828215488,2.6317752105829775,5.6681840710551255,5.778760333753312,1674.3875410839232,Healthy
43.45352560099866,11.852931352547316,4.313958175781236,21.742392556613044,1178.436491919341,Critical
72.97173293942413,11.6163056607965,9.200665464131845,17.390524000726067,1271.7765553928182,Critical
66.49183008240263,1.0543397902785059,2.929111681604205,16.267907014252803,1084.3087926760682,Healthy
93.26225096549798,11.469929639655629,9.647350631642553,17.492280962290632,916.3588051585097,Critical
61.05490075312472,8.030319315970504,4.511733739018823,22.288664937367283,1014.8379649299005,Warning
47.02402098565635,10.547101239720243,9.10722937846945,16.73873013117814,1757.016854355783,Critical
48.57950092317015,6.00213841197245,6.823543011835692,16.619007597763584,1613.054966220531,Warning
85.69063790304833,6.6715563143717524,8.6136588779319,24.813583141315316,1456.3146511825723,Critical
77.09308379897567,6.377312382826122,9.872105305683714,20.13460334137136,1370.1078474401215,Warning
46.067360567367416,8.335506833007148,4.307243502549966,13.845876109022706,1906.9211403873494,Warning
45.04640836689985,2.536163802319442,9.689083883260743,19.147940000658554,887.2819373344021,Healthy
82.0581478875472,1.3297094885994576,5.115855159219363,12.784609433835769,1136.7209758854992,Warning
44.365780381851614,4.3872293575031005,5.0840952378953785,9.57750924966998,1219.925424284857,Healthy
89.31160355742136,8.751488390103113,4.7230968340360455,16.937037537755188,1738.9109746553454,Critical
82.37453362938977,3.220387973352432,6.331260858780682,23.56364196227903,1991.0175441943657,Warning
44.880926838513986,8.40775676657409,3.2331603454278968,23.582790400309253,1088.8046177085837,Warning
45.09026284511152,11.669032507179974,6.429691882864089,11.838105562109806,1849.1688009644968,Critical
99.19837471007052,2.032907873683602,6.333638499280032,15.553549324433899,1796.7473125181496,Critical
62.45624774536722,8.39862330047639,8.09521450083896,9.232717971397225,1069.58887717012,Warning
62.23852882401346,5.881252412350283,8.669199695500684,24.912622189977668,1279.199096239067,Healthy
88.76797403545015,10.54956479815256,5.523530802499392,24.622358157358715,1291.6074431510228,Critical
96.83491464303152,2.948647683921245,4.41866599481195,17.990178594148947,1973.86480223187,Critical
99.16006382937226,8.61888547448781,4.074679178536756,21.088281193549467,1017.070281654678,Critical
85.2026911155365,10.219268186129213,3.5569906936389755,19.302003225674,1758.9895653257386,Critical
62.57557513185495,11.390756414214255,2.461180657592199,16.863164380789364,1201.031257007732,Critical
45.010043001920124,8.515728311186104,4.739583830677707,6.066959939777954,1677.0444149313926,Warning
86.6288149556462,6.468922404092701,4.161981537046266,14.09528685105322,1304.0132051547953,Critical
73.5042549841483,7.796319642213352,9.731339086931259,18.49572604334821,1494.031715739848,Warning
65.45332055481857,10.557954829265901,6.461670610000351,18.550632277673692,1799.1341279913572,Critical
94.38126310568416,7.276707213027127,4.77821631224406,12.462452368447671,1764.998677980661,Critical
46.67184893836908,1.3342576566652053,6.643740807949568,23.833839733160612,1839.7078202476403,Healthy
69.55750625745155,11.240435650576755,3.113573610765564,8.347140644735621,871.5407904135908,Critical
40.68121868604514,8.584794261347174,5.552349993617623,15.007188924311212,1630.4606636476938,Warning
68.11963851964758,8.441647243549712,7.009874571368511,18.817679531016456,967.9848520661154,Warning
43.37819654091024,3.372426676374889,5.911182654339611,18.942716117836184,1298.982281622093,Healthy
47.12907497608431,8.24774017255923,5.214230405234594,17.97277913537631,1458.3060980656262,Warning
47.05157480662629,5.332508462195744,9.950787111197585,10.505764269037204,1283.287381696197,Healthy
78.95261812696381,8.163562747456414,9.042518097191415,8.124131373732439,1423.534010963609,Warning
84.7626927559254,2.1725233333878977,6.987247665275521,17.718806536534217,1995.831570558343,Warning
75.00212590582959,8.236298350633398,6.555018889458262,16.986042322788755,962.2607764554257,Warning
97.73035290847253,11.993550983477332,6.965283838596672,8.587120205784819,1610.5472544037107,Critical
62.49223477142225,1.5303324274661163,3.610496862579466,19.102782911411268,1275.2011596627383,Healthy
57.14272517691164,11.74891602643449,5.161101946114549,14.103439834673129,959.6117586887946,Critical
92.11594769136761,5.475987567951576,2.3156762631271945,18.35521183206306,990.4841160491715,Critical
53.41575031116716,10.57828795370985,5.804368299894613,21.747341595403014,1939.1277274947404,Critical
97.79335236643668,9.606240324641009,6.344196671661305,8.394568571538464,1855.5217960541145,Critical
40.72926848138898,7.237178870853346,3.8219978888256767,5.382897359936734,1888.4503524980262,Warning
98.19272960245834,9.122941301764591,9.712230777324109,20.582051727915736,1989.8393309928638,Critical
42.589594717034565,10.663671174314826,9.275636887497935,17.19394850305232,1049.9784680102216,Critical
93.46858682188426,5.445543538161362,7.777145883647247,18.992791392442435,1226.527204836874,Critical
71.66206654517799,4.597364777195626,6.267093030122901,21.76309949977285,1603.06283590984,Warning
99.57788776715802,8.343527241199432,8.95975327718148,21.05621869649001,1380.5630478327766,Critical
44.42779388412393,9.886305361353845,3.0452187505877033,24.218402938576492,1302.0674400540001,Critical
73.23125706407924,9.385136482542773,8.32407835419908,15.718701577042363,1229.3734992027116,Critical
98.15815213714595,9.77595013744498,2.9985665117347864,14.769912653198107,1512.5367583321427,Critical
71.38587065020893,5.791416462942263,8.353685300395243,13.037743997814601,1490.7121143680984,Warning
77.76391828811575,9.996176377925238,4.206140546010856,8.07382085688409,993.7494008770881,Critical
81.74492133907702,2.3222996090766928,9.016724648145512,16.45214465764045,1366.0878050221268,Warning
67.27246388606639,6.989380077569345,9.552336750603182,10.540250486519575,1464.1661314518199,Warning
77.6534848050438,1.0633452654793372,3.190367755240925,23.42615024425951,1484.3443264776686,Warning
75.05885871538601,4.570444128902974,5.701404840523148,16.663816085541953,1052.1286314948222,Warning
94.06948062945935,5.031076883585377,9.84789902530148,16.856803610162203,1690.725670702744,Critical
42.72678282048747,5.3578996077018095,5.867259487785173,12.0984932175402,830.2389137852836,Healthy
56.85779137553382,8.650139273588483,8.90838018011636,6.03978703955415,1225.7982266517952,Warning
97.02468904459352,5.274139113973803,6.709852177050559,5.634875307459772,1736.2551782427604,Critical
93.41582703345497,5.935629848847837,5.002639263356815,13.46670288306395,1476.6715052664827,Critical
67.33940516714277,3.612985439617602,4.286268444206962,6.6913075619447575,1113.3949190130322,Healthy
77.2079558680922,5.105769707922741,3.625784728688698,17.136939110802782,1633.9437432116574,Warning
56.64287097886796,3.4999658998946663,8.094385531021578,22.61946011279315,1480.8691329872881,Healthy
51.28726958342568,1.80515516145288,5.092324054584223,22.658296330374444,1755.4923313476647,Healthy
67.82190429639893,7.637934527195157,6.090203697606009,18.18090820264465,1682.030223427788,Warning
61.20113368156317,8.350340784105178,5.938603840009455,9.22463662945862,1532.1295064434817,Warning
75.01936671105233,7.81439380610576,6.61823223386505,22.259936627177442,1385.8132103729768,Warning
44.66407821789909,6.098434481806295,8.924617164996418,22.721868706264164,959.8185508010281,Warning
98.46368845996999,5.177643581971528,9.845914748667436,8.933071699059173,1113.5996214624606,Critical
99.17264466877617,10.496670145290077,5.2606736685905355,19.748521715413546,1302.9193675005024,Critical
81.88970284118471,6.709899636498399,8.620151376850425,10.73039097854246,1519.1591444076664,Warning
72.16578198064722,6.27100065392704,8.116222357237742,21.052806247058594,1416.4494262583657,Warning
58.571656977179664,1.2820627238707925,6.588231611644586,24.944757998072053,1145.8214311514353,Healthy
88.82770118241692,4.75372610388772,9.648377148895465,5.600520106587856,807.7572293476527,Critical
81.08387035323275,5.182151806644428,3.6037961242272223,22.947317315818637,1395.4870662809767,Warning
49.75701636069348,5.387050589865906,2.8741136824769713,17.45261067197316,1142.7511862746917,Healthy
94.65563106963054,7.3818960615006555,8.831695735643377,24.467652383296425,1681.529960852642,Critical
89.35223457539014,6.869628013995663,5.513198533069986,14.300190350528553,828.7355183245802,Critical
96.98799479751544,7.686956020727891,8.775750833656485,21.947758611427474,1501.793373566949,Critical
83.5431705033016,9.41371587696341,9.144721641563319,6.247881371965544,1929.7690850072786,Critical
76.80491175614739,9.942843125877028,2.4996607489525715,11.705581001565914,1009.2911205337994,Critical
65.09458217743713,8.89935383849144,9.067718103888485,6.340330755024199,1365.9793889007144,Warning
95.9637090012408,11.510760655504281,5.5865524429553775,24.50686266958141,909.7063901805658,Critical
91.9638333700245,1.200558409439978,6.083459912033858,21.339478145436736,1550.8182947136231,Critical
42.713120206371364,3.153557842519007,7.012740088745682,22.05094842491941,1460.6380167154707,Healthy
41.58201846983512,1.0831916247595634,9.411060853840695,23.759304628677885,1288.8386290553988,Healthy
62.58780201268297,8.122221855700634,2.1529287554381122,6.7020697223957075,1425.6524257684896,Warning
88.63319984690997,10.878336038449856,5.814747746542537,12.711951850266667,1875.8895901628123,Critical
99.23656775889667,3.678305262339292,7.501776339444485,6.420697780880042,1035.5531627732805,Critical
49.02501346621169,11.197379992759373,7.781655661585828,9.215862031000572,827.0774140464167,Critical
75.6478429211281,1.6629412931851695,7.540259452296864,9.587315540753448,1833.9978616389212,Warning
62.85345139786129,11.278796294860657,3.075481035264975,14.382144220951574,1492.5404988654877,Critical
98.19486386887618,4.867849559635978,4.39516470697345,10.371243349072852,1868.7901465542109,Critical
90.52713538814251,2.115629112941382,4.869724203336108,7.019562136355222,1516.3342680958071,Critical
90.29972228266827,6.344589351049582,8.43549766143604,8.349821781882154,1772.193307951643,Critical
68.12158958769822,3.8245422449255875,4.230078979316424,7.945511271041818,1315.6080360261776,Healthy
64.8891701402599,4.1336019215811515,3.6856397109376253,24.461535958245967,1699.8319175459226,Healthy
56.40442431584238,4.3801896141891525,9.65958415230477,20.185850138369474,1895.649760267827,Healthy
43.382529799055625,9.833284876159297,2.070906280907751,24.35522930539124,1486.5475564666476,Critical
91.8833425753032,6.9307740434278,9.982566845455825,13.794809730158171,1016.9421806748554,Critical
88.77406054780465,4.424384690716041,7.414570390859165,10.567369633253133,1122.5571380362378,Critical
99.98306039716783,7.713671616420102,8.627754395592937,20.965863944183734,1038.373492276887,Critical
99.79821022443431,8.87765741645513,4.356955170769545,11.525078360822935,1096.2284331148794,Critical
73.32590233615764,3.9988640080688715,2.11452222133648,10.987667474106965,1167.6985392212437,Warning
86.13924491083063,5.549040116778866,7.90295614849224,9.650119844156624,1466.1605441038262,Critical
96.68594379294568,2.340747026706423,8.673156776005406,7.593579564484707,1505.5899553565994,Critical
90.97884344064468,2.9926428448814835,7.923809055628153,10.12926122033532,1311.7996966902333,Critical
54.84088610459186,8.492296393614811,3.1428022984067088,12.106394969477755,1538.5049357850025,Warning
67.03264811860561,2.9958218246518964,8.027423378055753,18.47988416291461,897.8899107336391,Healthy
47.7495649090897,6.776797220337662,8.151382256861128,6.2512968443890315,905.3458844697919,Warning
97.24306163552333,8.79950887894676,7.268324125360439,9.210138793306859,1006.1953524291902,Critical
76.3704780670528,2.175646154042182,8.12892746236469,21.180472805833528,1421.6929976484137,Warning
53.71856833020776,7.240434415917939,8.767371517421857,7.938438471675415,1056.7936144379762,Warning
80.30204106435141,3.822190620715001,6.908832913899667,11.85290293045043,1139.9412841910928,Warning
77.08769442747375,11.592195627613378,2.7088377117574325,22.2931784371628,1280.3754034075928,Critical
61.48976308197043,6.319002113919172,5.901022477337687,8.098506222868853,1774.2393488124558,Warning
46.81345553197774,9.865918047526739,2.6211946773728405,6.654736712363798,816.6345630954321,Critical
80.29439173556798,7.05249196371888,5.260344248259447,14.690759901600217,1579.2545842839468,Warning
71.2184620542276,1.4775378614030108,5.256851913005021,11.048390225570728,1602.6518372488224,Warning
86.33910350413836,7.964665131534246,2.5280787531219326,16.26816728967708,1758.386936427964,Critical
71.2098100667196,11.465436764273226,4.7905642717558345,21.076097809669502,1919.3035268723759,Critical
91.1308900191124,7.617730021609643,2.8879847903305187,7.742969763054863,824.1654187391478,Critical
73.11441032646914,10.011077453694693,8.465881680073778,16.613981691085698,984.5404466158594,Critical
73.65627829212318,10.726271096832486,9.581504207715767,15.110175207797278,1863.4055528671915,Critical
92.5992161595007,3.5088774914382572,2.578531802063509,7.881575720263991,1350.2222746244183,Critical
64.20897197274383,3.332493238990493,9.64092165833361,17.47996971057965,1477.5087667201562,Healthy
48.04091370703844,7.720790877360909,6.180612794693961,10.472808357215433,1595.632644467777,Warning
41.72696057880034,5.5213131678737515,4.396525423630991,14.75668637088025,1614.879925394765,Healthy
85.30823534041714,10.238474331533924,2.614896602209308,6.645446485541237,1918.0884839798098,Critical
77.21857308120788,10.900254357378122,6.004994144563343,14.191681144272462,1996.3393008940036,Critical
82.24478608595342,4.887635172329899,8.356124355925989,11.129269360856407,1664.1889531171282,Warning
52.777849690534644,3.6055761487193028,7.656691818133585,21.447624223707088,1144.665451046181,Healthy
48.18228853520618,9.58578066768248,2.40180809171179,6.139574539947366,1855.7028827532124,Critical
40.87267994007291,4.022866391029497,2.583214682943228,13.3721454983666,859.0650974489139,Healthy
61.03525352839582,10.048757503650462,5.222986261061097,14.16862848262876,1077.2970234493955,Critical
75.39506121127798,5.661120790136391,4.362323952383546,19.500121525982372,1876.8628609564578,Warning
63.53464270598394,8.343048892206175,3.8590745844483827,16.48575150180422,1107.429817327226,Warning
66.24849532142375,2.0508884521813497,4.248035991269709,18.344246743883623,1064.7812715460982,Healthy
94.2495216696249,7.8624525714423035,8.427861946375078,20.540985713035123,965.7503517682967,Critical
60.89532802139802,5.96944446610952,9.43382442905483,22.244059473163777,1830.9341091763,Healthy
70.83936934958865,7.452693094930215,5.240821556220531,11.27750993444941,1400.069911029304,Warning
87.01918076446859,2.8481562851934976,9.248888017059976,15.76045410727806,1609.8718436649856,Critical
63.79256693927621,9.105611194386004,4.571965609983056,21.802161568783998,1086.8796608900357,Critical
77.32520201367241,10.490767852975514,5.811495890750333,24.78902261930113,1709.6485052134599,Critical
91.74182252480472,3.3841378009985323,3.8082319825279978,22.790386220875263,1712.0066539545182,Critical
96.97123741945853,2.052860110721779,7.123808337406752,12.429345252487536,1175.1176298899602,Critical
48.82440885574228,1.2600244465097004,9.831848921398471,8.903330344373009,1292.8191596123395,Healthy
95.59525750968967,8.061686504875926,6.827944768347029,14.787850748131774,1051.628332916241,Critical
69.52697758477228,7.678034396976589,4.862512672908391,19.832829036720845,1971.873227987485,Warning
55.4946632979375,7.01367153985477,7.182539567924227,14.851381415065951,1574.723092470094,Warning
67.54814537429567,3.5514180572757295,2.9833654277231005,14.66361726627337,1921.4526568586186,Healthy
98.80195451712862,5.299965954960661,9.109272642123189,21.764608421636012,1164.06265235496,Critical
69.55708563957218,7.539239687047903,6.024671606238691,12.228075581343727,1738.2690955962676,Warning
59.72509661725049,6.464435447450863,5.5947979363171365,22.195893496232912,1719.0303726616903,Warning
78.00405125900355,11.86564072236376,6.6869183076281535,13.136096019034472,1629.9867822398498,Critical
54.408737126691584,2.5008372781240644,6.99827090231522,11.564662113566788,1958.7667703201605,Healthy
44.551799686519836,8.646590094523532,2.5742064498121042,14.07979822399398,1272.2664033275787,Warning
47.73278331463895,5.447506449147213,7.460937769787219,20.24893917349737,956.8607883077087,Healthy
47.682750337466345,5.710195764181762,3.9354534425242367,7.520040557279886,1606.050631092873,Healthy
49.11416161073766,8.893575422239937,7.711621060052718,8.928384317440347,1675.1717605726474,Warning
48.32963035896461,8.616797664568066,8.580278355073574,24.028896513261838,1490.0726881505775,Warning
78.45248468819287,11.903815930724072,8.431668060420161,8.509832547627148,1048.1814717600755,Critical
50.91280506394869,2.4123371839953776,6.420007739263113,16.354546358621093,1405.3471300032265,Healthy
60.740036999431794,2.14520614322583,6.161359138486009,16.586289333238756,1174.6276838829554,Healthy
93.80730459436072,8.967726988416153,3.1430076907152937,14.792489241004896,1312.959833800027,Critical
68.43769841577235,7.3622560870705005,8.202769203225085,17.89490497153637,1574.2622910135967,Warning
80.05346431126162,4.015767332157864,4.171275043573715,9.596534515952369,1694.2576912290015,Warning
50.33919227209779,1.8736130588788527,5.973563382543572,16.053245355534962,1078.6696290816117,Healthy
51.53734112852025,1.9422407455607358,4.274192743420134,12.443465104937943,1286.390432776344,Healthy
42.45211697598873,10.836099621305301,3.070626903997545,18.23334519258378,1122.993885189955,Critical
50.136103784329876,3.110540571906172,7.036461575133893,7.824470867462989,1038.3579366342428,Healthy
56.71542034191752,4.5570871832707285,2.4346562785832306,16.417548336789523,1740.064663995006,Healthy
50.62062905660481,3.4932204244968683,7.9891618730096,8.705407107666474,1891.1032333243909,Healthy
45.322152025423335,4.90495936415131,4.540694362088933,10.572861262300728,1244.278622821492,Healthy
47.238152266036046,1.763662270207027,2.0010775440358826,9.374196006471664,1701.5347092485204,Healthy
67.64672608196355,6.709657699990974,6.089033113897838,8.656755597376343,1876.3943472372932,Warning
52.38002310434755,1.743738199514364,2.374815268220825,21.51421903121334,1815.349052636278,Healthy
61.85619166288453,9.803921586045977,4.209356462567196,10.714151353217806,1019.3760662470711,Critical
70.20503625129142,3.5708329010147635,7.655811899645729,23.542475637288987,1947.5502578160335,Warning
81.42368971776192,6.940131060649616,2.501516972974927,24.398530506903818,1252.011728515355,Warning
42.358728390465934,10.680869963176042,8.714707938848019,16.42520939874195,1207.0887934086036,Critical
87.96462393454256,8.159651059519135,2.030559381268665,7.860022453314528,874.9175927333364,Critical
77.67402336945446,6.862535652064688,3.974590953615218,12.490964867591625,1383.4083849258595,Warning
44.905541916932314,4.567671284269132,7.9272324492165716,20.95464526696428,930.8163387691145,Healthy
92.41471744640663,4.663021043640177,4.530161197834454,12.34781457394141,1098.247785112911,Critical
95.25234403190879,8.36435650718009,2.8151391045281082,6.7403443660557745,1180.3311461207377,Critical
43.66467759129183,11.935532973432842,4.881871350403423,16.13569821856376,1770.591588190021,Critical
56.61265888883222,8.280231088343164,4.163146291076204,21.902417029920695,1850.5863804750759,Warning
88.37207678758368,7.1356175910702735,8.74169521728444,20.918527742870047,1162.9595809537636,Critical
84.89558142301951,9.037155612631707,4.506783340681145,8.502462802607065,1830.4377454934886,Critical
51.07126116138264,6.117261735120899,8.311459774208057,18.455292288249332,1828.6771248437492,Warning
52.56095940020262,1.6615657686086374,9.134977158485878,9.410085268712942,1717.5811404618482,Healthy
62.22832616748292,7.185264974657008,5.470539356612236,9.364150691043445,976.0341368182178,Warning
69.07137911146128,11.533878129559183,9.279545150835137,22.481435466103704,1628.3874162808747,Critical
77.09528629181776,2.928332365934256,5.018544431705543,9.993379054804603,1934.0288774966825,Warning
62.134818374186345,8.590053799027324,9.712627331920865,10.264946930360225,1619.0485745205883,Warning
67.75208296798887,3.2102705752496212,2.7143161962045834,5.013067815225991,1197.9402189294008,Healthy
84.8482562880254,6.894104529203894,7.496154132025942,22.413380682510354,1400.6951809169975,Warning
42.20099217343587,2.063440946113916,5.950512323655429,20.851896264182695,1574.8700520212642,Healthy
55.146216660641244,5.9540802988400365,5.1011904436451765,17.54657870181356,1412.6844904742043,Healthy
82.80097515307315,9.317796617847707,7.061695029988807,20.005315278776845,943.9435300771638,Critical
93.71241026123195,4.823286766628803,7.6308567330746495,8.040971348489837,1174.4768535824248,Critical
70.70064652693996,8.314028969359399,2.0349061572024727,14.16647189175151,1762.875236664359,Warning
71.92680911591894,9.749949568687022,3.3356247099775898,12.024387746975618,1833.701655314621,Critical
46.430320680386565,11.198956014273978,7.70436840507455,6.87553052514033,964.7600392586843,Critical
66.84474200940727,3.581062900409989,7.331083308625652,14.722609704298481,1942.8641028784696,Healthy
71.9570359873014,5.392475073902389,9.728380041029418,23.414793006852708,1194.5871414183312,Warning
54.54823021808378,2.676576146634592,8.088302322006264,5.80118238101389,1594.776486476864,Healthy
56.15459385696286,11.917318523742127,9.606181661850705,10.829218269875877,1702.1901751480173,Critical
62.63704978627736,11.197010647167248,7.620324012278456,9.15081872411407,1774.3354815654602,Critical
41.20427186666358,6.9395284330861555,4.384417669115545,9.762933073313926,1934.8996426711162,Warning
59.3247499349907,10.262366238140634,2.842919378006852,23.168691037587507,1175.503457634587,Critical
52.68688041979268,6.730537749992464,8.254590906759486,14.361381084685803,1830.2077454618654,Warning
59.64984113067488,7.859442568030357,7.153193771807327,14.325988258796375,958.0242841234484,Warning
47.18572790915508,1.9803687532761827,2.38548809914637,20.211512849105645,1646.0490876243111,Healthy
93.4316368443937,9.307974625464887,4.880403727207827,8.089844080098516,1690.3732754167831,Critical
75.61554721324292,2.404848319987583,9.654398523874288,14.745307082001016,1613.2678894415844,Warning
80.74613914866939,10.086743932777813,6.00320916568161,13.599704282421195,1102.7776833621836,Critical
87.3502743164403,9.602308964374245,5.461833088157637,16.93821381093312,1847.651776418244,Critical
69.90653193574343,8.796191675172741,5.661596841274352,24.99115406500877,1002.630156044474,Warning
45.21521728524542,1.3977641857723833,3.67106179204131,20.38897788164094,864.361749824997,Healthy
72.22639250911287,4.334411915398615,4.949657366918362,12.957314060348544,1660.9579887342945,Warning
75.21046708125274,3.8942382690192714,4.958506047897413,21.55106104548094,1370.5708582792804,Warning
84.7263684510598,4.96150048218671,2.418840161499779,8.414167266249603,1818.9176239504113,Warning
65.89957277378076,1.964070214402224,8.140541028143346,5.609273726179202,1260.0765692699108,Healthy
47.65481816773382,11.306536053341691,5.332035455231032,9.08896744928546,1001.9343062092554,Critical
57.026554347923465,7.091824647836139,8.577439094531385,11.808231122285193,1803.7306309638436,Warning
61.78493778391811,4.360767417238259,8.802784008959163,15.211615149191198,1458.691557968086,Healthy
78.75503447989607,5.366796687817118,3.6959524375892645,17.302582810823996,1027.0349508684258,Warning
74.24669828013472,5.919227945553192,7.2588278573610285,23.212114344288434,1664.460798303735,Warning
61.36580355387078,7.606537666966791,5.778254433303854,15.197080191009153,1413.3363661874005,Warning
99.19091492757877,6.672473704661476,9.041253903371882,15.025512892514588,1525.1755786883837,Critical
76.34648916141323,11.11331170535859,3.725925433411633,6.004860196459642,1353.078005847898,Critical
54.233607504159664,6.466598311964133,7.422505602480354,5.698231053124476,1794.4507805816077,Warning
46.106948357224226,11.91373816305644,6.862016978021781,16.023199238327443,1795.4752588196598,Critical
49.171548351059926,10.365674535196053,4.362411820574662,13.76357226496689,1651.2665861892633,Critical
54.757463703070485,3.293615657930694,3.092807229209381,21.783607899605972,926.4816528757547,Healthy
49.64088239557334,11.23654736108308,7.2131180838182125,8.213591694236904,1806.6246342848826,Critical
51.19402144307834,2.2800303767402372,7.9087796650586455,5.4994332423409915,1605.2155766394917,Healthy
57.10571012163082,9.991946793403107,4.5250187501068,13.980775358602518,1636.4289992051595,Critical
50.40241571768529,5.186856228242381,7.15866083217851,9.74957113504515,1235.579408484646,Healthy
93.8059254775855,10.657717524895764,5.161047260892026,5.992287466776749,1855.135467388408,Critical
44.81402473969853,10.548623591181954,7.705655066260942,19.49196573695258,1670.4459202818289,Critical
71.47068337421528,9.865179401293833,3.593722199152425,7.23185999914495,935.1085598350334,Critical
64.6238096193797,9.690334799377675,9.121720021089395,17.166390000155435,1289.3336412873953,Critical
98.94271701451638,4.351470530078449,4.299276771724638,10.620995003337782,1863.65643435217,Critical
46.72233413008314,1.890112113563774,4.942287902049223,8.46992100710044,856.6360420368547,Healthy
63.871335942744494,5.432781966416776,2.4647356166427983,12.595030458386349,1953.6999435704595,Healthy
98.16822599652212,2.9087696648515955,2.892097698570211,21.028915524459073,1614.9950819834753,Critical
91.93042755363882,8.64446197792708,6.126895221698625,12.841871538091453,1557.651173172052,Critical
89.02432425695679,4.807096991915641,4.140741413823772,20.015392984221116,1124.6711077855898,Critical
55.474169622696394,11.731712209459063,8.683841805937554,7.509725935983013,1098.5501464870124,Critical
50.25325524340395,8.050692850798653,2.1175471092396307,20.45542839330158,1930.4698633863145,Warning
80.11859319546586,10.04728619997797,5.0327523893754895,9.738666498132973,1157.9269450809472,Critical
95.76255934765516,2.4577714001603326,4.698764374152741,18.547862597777456,1730.6063560627993,Critical
73.40577358083578,10.482159304998849,2.1546210473408083,16.315631096819928,1271.746157848495,Critical
74.29676136819398,11.150329095647338,2.9949471920040818,23.582894344233747,967.1048849416447,Critical
56.79874561961705,6.357681107008295,5.309141399349082,12.74645035950628,812.8583572344307,Warning
86.16957599151621,7.668782315260752,5.942916675579573,6.3233037766888085,1453.1088044183011,Critical
51.2226249134514,9.41290780993295,5.234317978038953,5.3831097110250585,1970.9345822587193,Critical
59.42075418425462,2.923224899864538,6.247501427296751,21.53717121945506,1242.9634325710454,Healthy
65.526186316985,6.528226841097867,6.761053399245452,15.494712753228644,1228.6308007916539,Warning
70.4566227210673,5.385293305495444,2.079390569022685,20.504881036698986,1212.9099414193306,Warning
54.544583944904815,2.6101139137847404,5.712761275628031,9.688512000230293,1424.6526047658301,Healthy
46.89020948435221,5.042878645206846,9.707993927100706,11.901674910264674,1328.7978601091522,Healthy
76.63720254649795,1.7498954032404292,6.15225824103639,5.602077444226379,1855.8975520724173,Warning
57.31783319441534,1.2839309764443567,7.4203381396716255,24.229846491482242,1406.6249500681884,Healthy
74.87429328535674,2.4868291807030505,4.494910863335066,18.357358134016266,1409.3094058262825,Warning
49.26176291645214,11.594266227480912,8.1919310252221,23.664101755186124,966.045913664668,Critical
68.86840611128905,7.044824894845187,8.183371855008922,10.309928148581447,1979.2874490924632,Warning
71.95536595309515,11.62404377268542,6.170368381233112,17.229272224513217,1099.9674690425957,Critical
43.109412209345614,5.757476661631451,9.80811058623371,18.569999365852755,888.0368809515232,Healthy
60.196256691635234,4.429977463937855,3.004401718101227,11.350994005151769,1595.7754987702506,Healthy
48.064880616338456,6.567560491242685,2.135581319116648,21.9621847003126,1514.4396441882473,Warning
43.80249822836606,5.834628574962012,8.161265694056768,23.943229258004955,1298.1747847912948,Healthy
99.39761394339672,2.162311526879183,8.457244298919061,22.697102353920087,1306.6306806568136,Critical
59.34123069848338,8.049089461592269,2.96165783296461,19.78133951878745,1742.0767052557176,Warning
88.5924667512781,3.3764200076055957,4.124662663668849,10.54929359449908,1034.8551681195788,Critical
55.27843928582583,7.815467503876126,2.1404189069330313,10.632320842112634,1784.3039827338675,Warning
80.89016333343577,8.152212016379687,4.3464688862445175,24.267206408920757,1578.4965366740216,Warning
85.61367159338118,2.672273384415129,8.185134991349372,5.205689918713841,1302.7637285354292,Critical
75.73832443647066,1.6748458982173497,6.1436842217006316,19.32099946484289,1349.6343399006423,Warning
68.2945713130095,9.588377446752839,4.784764745346305,19.124923251105244,1107.976648623315,Critical
64.71045484883611,6.057804661462522,4.973914359250642,17.453790818995948,1702.5371992363698,Warning
60.93209599257972,1.6398017505602338,2.0108290057237452,24.802176921737317,1415.4496907663213,Healthy
95.77174865486955,11.943529488867439,4.398404220521887,11.237588715274505,1185.0254512998122,Critical
89.83716446726375,1.635586170960033,7.171669933103444,11.799437275864964,1515.2601389131403,Critical
97.90161463999075,8.645387517444085,9.793555550530858,6.578788058931111,1994.8813424615876,Critical
47.45783340913268,11.820468177897549,8.776486615871196,13.855962730874749,1322.3147355878646,Critical
83.85204851221866,3.6309811463751815,2.188759717164233,10.220970524696963,1904.8296809343435,Warning
96.30042740926227,2.564743055559158,9.188484837398715,11.867734043552884,1214.0202079094793,Critical
50.87398396993961,2.335234333646718,8.265587306389008,21.691435805112555,865.6792483099831,Healthy
43.98977604200665,4.336026623243551,8.243008988567844,23.709690270549913,1045.0905276421147,Healthy
84.46723895740354,2.1115039211171136,5.663966072028572,8.714661440103713,1302.434171993221,Warning
74.46838679079471,8.61377475863545,5.184042343636023,12.450178631069317,1063.5619143134827,Warning
90.50972660549633,1.6852097794306897,4.423325830665541,23.572611242307882,800.2724458619066,Critical
48.38634259757737,6.603643409647686,2.525558871634926,6.236169213784453,1898.0018452970328,Warning
87.71603871159341,11.963665392382744,3.825882907949593,6.84721056222757,1812.6552934771148,Critical
52.09763920286467,9.953672964566207,3.972829079824197,8.255819784124586,1690.7506777843364,Critical
49.81935657194227,7.76741382054112,5.872616557681613,16.904256682537493,1001.3775147752343,Warning
49.85594787585958,4.368789828652728,7.979555252773552,8.009445420119949,944.4362914519833,Healthy
88.87448321388293,7.862854199208023,5.790478627183573,24.36152762901467,881.1256993668597,Critical
79.911833241772,6.797456103028168,2.462755595577285,13.934290545170407,1668.8350265275053,Warning
71.38392548614716,5.6869172227940865,9.66231840790563,15.030359207003327,1914.5695528254623,Warning
61.529829047410146,2.437814144142194,9.541794552752897,9.93317231610813,1316.6429850956442,Healthy
92.6320324487865,10.752646367645134,8.281516345187267,14.41920504869467,942.9688063952578,Critical
63.546706445358126,5.947631137034548,9.930623212513765,18.23827265274023,1414.8713848785278,Healthy
88.99596636829463,3.1408476300284156,6.355858662402103,20.023542739080856,1218.5982889503562,Critical
66.3480945142131,5.045352859650186,9.702146802025648,20.07736165419826,1249.7899092199973,Healthy
62.61666576549445,5.555427277818198,2.604840324934006,16.557822253881767,1545.5967489868488,Healthy
67.76078714017639,10.102916851235618,4.9254459860909705,23.087195499877144,1662.4617359146428,Critical
58.08267244984852,9.069758186175422,3.8030501440541267,21.348156946122188,932.724318647793,Critical
84.85656281057507,9.462353830054738,3.5666646730741602,20.140962293972507,842.7082769677717,Critical
70.16322340554875,1.1213439087151194,3.1264235911414087,6.112110433609212,1993.1963632228578,Warning
53.93276170880904,5.577693979977377,6.979309132527973,5.137559244392986,1079.274018698662,Healthy
93.97447439647411,6.29478566798856,8.250574845978441,9.248945543909459,864.5966298901509,Critical
63.033473282392684,1.2111150450536234,6.626387195362885,18.270471878269046,1027.850394915104,Healthy
72.61317166683932,3.8579452961953766,3.1757016767056774,13.223949777650915,846.7494156181571,Warning
94.38832665787282,9.363188054343485,8.488990159467768,13.048125185986235,1270.173073540606,Critical
77.45427975483952,2.5082067630189897,7.087637657309828,22.691737764592276,1762.882141341589,Warning
47.013882442501846,6.888411445978508,5.105325649015964,22.911256962636774,1209.4933397092648,Warning
96.3899274168085,3.3672205921896126,7.393042364288504,23.183505281071714,1333.0200882540398,Critical
77.66248318428507,1.133328521082826,4.079239833942663,11.277561530300545,1610.7041282809264,Warning
60.09433687942517,3.653216033594956,4.761537667953684,18.821116254785235,1410.6728840838564,Healthy
48.35632435980324,11.734611304010592,9.33988674505592,10.432663625487393,1833.734823225589,Critical
87.64151135621776,9.816908230712885,4.324036045371363,8.812196661488995,1839.2428100549077,Critical
77.20436535571082,11.555343087531368,5.759906145263493,8.692649146947385,811.8928345893844,Critical
72.0076655185793,6.366394483189987,9.121129099168117,11.84215241727188,1733.655567779839,Warning
93.63355498305745,2.2070981854525384,7.66177080214022,13.599152395596434,1352.8803202900085,Critical
87.31583267347185,7.027554378710622,2.497625809317622,21.61898342110137,1986.6086495643956,Critical
49.100492783965066,5.998150680159569,3.1784243542317627,7.397821869454242,1379.8784910505221,Healthy
58.70332406773289,10.287927910135776,2.0627327261753345,19.698516947897886,1984.275134465957,Critical
54.90934838886794,2.0789083886266906,7.047374321833307,15.629098283786107,1705.4832334468838,Healthy
84.63677755436062,6.37065250723956,5.581387403283347,10.75890685351985,1098.3258615359675,Warning
42.011946084146764,2.650535311633827,3.0741988072182043,14.856391690656492,1446.0739751443493,Healthy
74.193381092279,4.571435195790659,9.663472968454164,10.998841395540452,1990.5627673742993,Warning
85.74752114444144,9.110927851265796,6.237277791564959,16.921639104766122,1829.0367293023085,Critical
92.60593820570497,6.236199423056432,3.9351463529031134,13.676878457104884,916.8402725494653,Critical
60.52490492295445,5.1347711366034625,6.00482856923766,8.288110581577575,1647.6463961719953,Healthy
89.27543828032077,5.339239064270388,7.436962661880862,7.331661491113934,1214.6955030449758,Critical
46.63790421731243,6.053914452465853,2.609913743788516,15.933913641442603,808.3787142564178,Warning
90.7871375040711,9.635181982207627,4.197630520383136,23.04826066572207,1284.1771628323995,Critical
47.649319739918944,10.812931578342578,8.455723927071949,11.87915373115371,1081.7053060699654,Critical
63.837237433622036,11.50868155154321,5.67731896322129,19.660002144452463,1782.6431246245659,Critical
87.83772194677321,9.655937248808247,6.372617136258359,18.173227098795337,1204.7967306149185,Critical
48.99504564092643,4.46947585322814,5.462528017675754,23.63109828618962,1793.0284327445806,Healthy
53.75508371395849,8.569481766951963,2.351199541144041,21.419620345982818,800.7175266017543,Warning
83.33515410358397,5.813634364609311,3.3259982385612474,16.33210517810926,1169.3829800313429,Warning
83.20219219276447,3.801376842506563,5.564333109935127,18.140609964682145,1089.3982571693143,Warning
78.46885797311784,10.249587373685149,3.6734837232634225,22.967729331680697,1080.280833282333,Critical
81.636906668026,1.4226898385855749,2.39983222927743,12.990375691738695,881.8239437185553,Warning
72.56346660085578,10.919381913489659,8.74919731241459,11.535894117155546,1024.549124492602,Critical
55.10794353441717,6.076252110872076,9.849540233312926,5.216221672703927,1466.6594838627439,Warning
60.741759610235164,8.009216244891086,8.345142991973916,21.531021483829285,1149.6332874052935,Warning
50.89586300808554,8.25289314426361,8.830279373637335,21.019614008067297,1300.8737387949775,Warning
94.5070336800177,10.846295147771901,3.935817042536363,7.089090362003027,1252.2402564166262,Critical
75.00350768596724,8.003366503839281,9.685015804105598,16.537147622654004,1851.0859099998736,Warning
64.0510850058184,7.753269432360679,3.575405635627427,14.279633963337748,1886.3587988126185,Warning
67.72034821864796,1.7331724461675897,9.611438482894659,7.374181910182229,1391.548365987032,Healthy
96.83700037670891,6.702488241397245,9.958554351727608,24.61136454121447,1196.1871403787254,Critical
49.20108418696481,2.6518590089874583,7.69378244596839,9.29391774926711,928.1608448028363,Healthy
75.17378992100782,9.111771455936342,9.849149854334575,6.344683601811223,1944.083455258514,Critical
70.35332073306796,6.634441128939419,6.556318236536829,16.89694759003819,872.2723338803569,Warning
76.68725412607887,8.482505571291886,4.076334265408723,19.777333542660653,1157.1803330819366,Warning
41.08661102925043,1.4584019066262268,5.495967085324967,5.648868920943739,1157.679441404005,Healthy
92.3274345366491,1.9327121765038355,6.748487483030288,18.174352774540445,1184.481543368258,Critical
95.92709694901674,8.879557268689505,2.58465249621612,15.645837519029088,997.1442119268911,Critical
73.90799101535254,1.792927695985407,6.978746116937969,7.065300177500968,1739.7937171084366,Warning
81.79904943261354,1.7838240054178445,9.849422694098356,8.450477538927242,946.9974343591871,Warning
95.34996287063774,1.133193227583762,3.520861198269821,16.359485946321612,1561.8879909837954,Critical
82.43431805880391,11.52151538129428,8.340760930307066,10.927152270265768,948.615232046981,Critical
49.15234257485568,9.112591954049076,9.263190350236954,23.76631457302632,884.6427651115479,Critical
74.57730161000879,4.8857654935227055,9.549612742561767,21.374804589681016,1891.3154044230519,Warning
76.40290278297135,4.261891394164207,9.681084835243578,24.671344130273262,1028.154519582447,Warning
65.44784027814316,4.846735527204345,6.1716771097717755,10.19341677900828,1785.5001854716452,Healthy
84.18665413748337,9.521188842993,9.81846326393203,24.39447265595954,1453.557045328563,Critical
96.06202088614089,8.275076721774559,8.058481657075511,13.624677395831156,893.4278235305235,Critical
95.53411077440657,3.0371512465421473,3.293371489895695,11.950375906275092,1946.537829725681,Critical
67.05036228424792,2.9152026886749276,5.81520085174376,6.006990539387065,1096.353400390271,Healthy
46.79428275044532,2.0823521468473705,7.746649402976032,6.055305157192052,1831.5744144231278,Healthy
99.09047193774008,8.26332991671472,3.9787225265526667,18.840225118933095,1002.572006941477,Critical
90.33388518675605,9.408099284439096,7.124921468391099,14.158579888680558,1824.7314585702234,Critical
47.47976087219601,3.9155107115750445,7.332803832372954,9.530432520722114,815.8745754863528,Healthy
95.25051295704233,1.230394571340041,3.301597950468527,17.279406126504654,1414.1365478833768,Critical
92.1937817237277,1.903888342240701,6.52068249962205,10.057162365002224,1723.331095305868,Critical
71.13028342756432,11.646460383295334,8.17301528782886,16.55263508688845,1921.75462099134,Critical
75.47652614469575,4.249892552251623,5.991165316287535,12.184174939653808,1891.0425634477845,Warning
63.94016223220781,9.461454626219469,2.0968249342088594,21.47104453223638,1783.549843457174,Critical
43.28569832932188,7.871299257396902,2.0723077526343374,21.413923215335586,1865.829619593565,Warning
60.11183449875406,5.201336036181855,4.8562347517600974,14.547007962448026,1039.0636230044918,Healthy
88.17120691588069,3.262559884151106,9.409552547454256,12.016382186700312,1141.0211548540744,Critical
40.27792138027617,2.3352505997534707,3.82941423682887,12.25119593118189,1146.7622299052703,Healthy
60.00995030146865,7.765142648427533,7.074909510973497,21.11429051336436,1252.4647172020386,Warning
63.8901216154566,9.520971587015667,3.7766069655465646,11.56358965595224,1271.9848044622265,Critical
72.24373617627538,8.082946788952437,4.573359917276389,9.18118747413692,1453.4663895856106,Warning
95.19133698476563,6.833323465740741,8.784336716811872,6.6937668375061365,991.8557160397297,Critical
60.780759661957674,1.4614634577479988,7.830891538159575,14.333862417688168,1629.4959965431872,Healthy
60.81719211377366,11.653376553538221,2.763194218505685,14.642641978396838,1001.0798471654077,Critical
84.25007488658491,9.78585610820032,5.429616167891469,21.818174208058142,1172.370178525457,Critical
67.13307645338843,4.221042403710612,2.2333581091621157,9.42477392892128,1404.014156727385,Healthy
53.47628937639892,11.779673622947357,5.847121172824072,12.619825473367998,1755.7286738281728,Critical
67.1463709679616,7.620697485999543,7.299472093608545,21.168114777873818,1687.3630798864729,Warning
48.45142122278799,7.4066492402797115,2.9480209887852125,21.47247221497947,1574.6412276926267,Warning
50.5832191903734,9.228804973724854,4.311079511273325,12.692221519575364,986.9279126962042,Critical
69.90206636436878,9.929467668991514,5.182693004017255,14.182480465733619,1456.4544147386932,Critical
65.13552697027288,8.221264680646529,9.356248197248398,11.065717816985659,904.9358021598625,Warning
94.890754064086,2.4090532100282003,9.946040123383712,23.65109756838624,1252.8358121559809,Critical
61.74363394699799,4.720942565939483,2.359290391964927,7.372875314831607,1296.219836347951,Healthy
74.8353010166826,11.208920043586547,8.088063387963135,23.6749884600294,847.7737273349046,Critical
77.93585727517183,3.470771730282371,4.973792531218746,18.677329036706865,1128.785719363966,Warning
40.78566739530002,5.093837262212647,5.13966548983584,15.631443053734625,1946.7793607197873,Healthy
79.81224232100263,5.752845712386156,8.03411978677618,5.6531812156899175,1944.3591293956274,Warning
50.682158012185084,5.833454886638974,9.347411457163268,14.511923836440166,1222.792465103047,Healthy
97.66421904816731,7.74233540743978,9.607428756020386,13.154962100054647,851.7201307379888,Critical
48.91976366518678,11.373834215191783,6.616980688306566,8.224376239502451,1014.9139271938179,Critical
64.87744742362142,3.6476198301575544,4.8569692744040225,18.12819207001314,1270.6613521202482,Healthy
45.12098008471863,2.336515139310099,8.300392686870234,24.423018147365717,1937.3356375630758,Healthy
99.81245511075684,3.1721753884593102,4.008011066098402,16.243776221290503,969.438876244622,Critical
70.13170061987455,10.756173902301965,6.512592230668142,19.295065528878915,1716.2190124018548,Critical
75.72310103920262,8.103918939207265,4.868627692198985,6.369009051320336,930.4190472496305,Warning
44.02458864330565,4.144974681630762,7.253048589663009,13.353339916339895,1977.5090928695322,Healthy
84.99762822395067,9.97541632865479,3.923191303148055,7.3271697032899175,1257.9397989309618,Critical
52.594335585735145,10.475069959997796,3.532743565878606,17.255916710730208,1730.2814466788673,Critical
93.88325736644282,10.311657725593058,9.345912693403497,23.769643164283092,1211.1092993733582,Critical
52.308378428920435,11.1081918700351,2.814429463596295,18.23555464943277,1553.2026525905703,Critical
51.441263239819996,3.7746512219069777,6.047663261879453,6.536060966288431,1030.419301688044,Healthy
42.192980070885696,9.30546121620906,3.7668222637040714,12.093324099701658,975.225223156355,Critical
68.32401670659996,6.06593447001554,2.3114397066053396,16.01326758881703,1925.6769674817576,Warning
73.89046799575698,10.261984081790677,2.288150546331411,13.064155122665044,1901.1767334853203,Critical
43.94251836570114,9.013397448777745,3.4017741768466188,21.672880209503447,1864.9627282554588,Critical
86.53165700170064,9.540921911496971,8.934162836048003,21.293420094199785,1550.520140199912,Critical
67.19733008488166,8.217780214491786,4.259829951816213,17.23662040206443,1769.9218534595338,Warning
71.4634161596548,2.9517164641667755,9.603673364602365,12.469158902654105,882.8443242936498,Warning
66.44576481629369,6.995296107866322,6.652978343913548,10.106727475264883,1201.746850268815,Warning
64.04578365251956,11.83136713476959,5.492913518150129,7.117486364262586,1176.4437497085873,Critical
73.57841987849307,11.311268731468308,6.640710677355637,12.09795366973108,1562.774386343136,Critical
49.31441475584275,1.4749110937671284,6.133587081810142,13.263450344154391,1227.1493281647686,Healthy
50.91568782971627,2.8129629730238084,8.0702100300586,18.51645850208147,978.208137972417,Healthy
91.70713726081104,2.449016508000181,4.259968527782818,18.16319648595147,1515.7604904962525,Critical
96.76692772801796,8.98577900983825,4.824403132802419,6.4021627928251394,1777.2607048028976,Critical
62.398558976785175,9.995638628426395,9.152754420266007,12.905186308623156,1258.5481933519677,Critical
56.244680388613226,3.348625029417391,9.571652105203244,8.635577344347238,958.7224581181781,Healthy
78.63997259434095,6.564379622470119,9.140465819891796,8.136254106336114,1036.0258367753877,Warning
64.52405026588579,10.2477333081232,5.355583951658509,21.54604299474492,1084.9799662032608,Critical
41.52318133962069,9.060816992428757,8.242924024055053,5.838304334325151,1159.8771115934435,Critical
49.36915584197142,6.964609260410331,5.81068586640879,13.383657518042426,1571.354084607571,Warning
82.95833373084386,7.493824595046502,5.9803188171688175,8.364073115330363,1521.134581445263,Warning
79.53543651460907,6.59196601607908,3.6374408724582716,22.58660431356948,1635.295833880447,Warning
41.62575955020901,4.273032964507026,6.729042426068132,16.140810265500704,1235.0023814378158,Healthy
53.318329715976965,7.215241921449177,3.4890871820267835,9.62761272753696,1788.797182255974,Warning
53.86448779528428,8.577738322550998,4.65251759253755,15.048545743327528,1044.9051933869123,Warning
80.3135646159237,10.606552074468885,8.840241612959481,19.629727194062315,1362.8488970217848,Critical
41.18263226526185,7.999204893771729,3.6566064736868418,24.162360178388674,1761.1264658497164,Warning
46.24651491907443,9.372336907474738,2.5692662813874625,9.40892008490838,1016.1903772791431,Critical
87.99496512239136,2.760787984500303,2.5520607409025304,22.723635442586904,931.8357364889396,Critical
50.71267972326002,6.077132218617689,9.526276164024864,23.686082283349805,1860.4207612255877,Warning
79.16476647111247,1.1026478180980264,6.055363503694677,23.328410890641326,1211.5155953110352,Warning
54.29096686280359,3.7134675097378533,5.275296574536147,17.708287137238194,1620.6441498908384,Healthy
45.96648356556071,8.991078866243054,8.487028648063347,17.596413088694156,830.4183251167261,Warning
54.590331459967246,11.909909464842999,8.686607423284128,13.064212663676456,1628.0562660913397,Critical
83.33601591133956,2.090959095459375,4.657528264924837,20.04795764607576,1179.3215738563647,Warning
91.34178808637714,5.41643747447417,7.548944459790362,15.625880367018638,866.8890243049301,Critical
89.8131918740195,9.800780655690755,8.168982526815093,18.54876142456589,1531.7753138577405,Critical
63.83101177710729,3.244391980917887,7.237205494927636,13.56915807697591,1088.964579287808,Healthy
80.08510819423877,7.1059344423251485,3.212760598400795,19.629929280862783,1264.168690462256,Warning
52.29905772494926,9.063784256326423,9.007064668136456,21.48943035209098,896.6969747438163,Critical
57.588863815660794,7.775839952861969,6.31275642188807,7.928725132056322,976.5959013139344,Warning
93.78014911126718,3.0682720807695776,4.2597794109600295,21.65859431148456,1157.5726825950126,Critical
40.780115410644164,4.909230255543134,5.401825483501551,15.805930635806146,907.7114006721886,Healthy
45.13051185126808,9.62170962933937,2.300568723191259,21.893318181804485,1892.9915176235784,Critical
52.47317530876164,7.096491655452183,3.0229344097793405,13.626034126820292,807.2564518207741,Warning
41.59193223242918,1.05752574897204,8.124374004126887,12.5808097076607,1380.6322626371737,Healthy
50.88612610538784,9.370898360309033,2.000093078042929,23.30121465034445,947.8969497590617,Critical
74.98249365818154,1.3884249043426298,5.332526627858337,10.023385350968026,1169.2149073735382,Warning
65.28547303554987,9.203071610043553,6.1800814486847075,21.884246505722864,1911.2714717819185,Critical
93.56030266461849,3.2272861618176116,2.4370753600077784,14.680411450188082,994.0334639287842,Critical
89.04661370430645,11.538808281313182,9.784625303778663,15.281908851025195,1958.9987836619991,Critical
60.509041101872555,5.047348264322929,3.8090026499973755,11.16936562978968,1046.953252387306,Healthy
55.56540600587755,4.59624777971887,4.433589757090247,16.460844012380313,1689.8793301601954,Healthy
62.78154449003601,2.6377685536568913,4.431540098040219,11.504223925524226,1456.012717876774,Healthy
75.41769655088846,4.361646370392364,3.843333296938799,5.785388284833046,1861.374473116111,Warning
56.08381844937257,10.643158380110206,2.0117905766904913,10.43997210688712,1464.791906603757,Critical
77.44893447094805,11.95967771389972,7.834758352703971,5.127580868131814,1441.4710629875703,Critical
64.56469913147443,5.051404835575331,9.734763998394282,24.567095741137134,1034.5496004420797,Healthy
73.1228308511188,5.9347169404999685,3.7943478662803605,24.31494419639495,999.4752344619905,Warning
66.16759174811901,8.942780320230106,7.304377534427379,12.9031059494461,1899.7869813386171,Warning
57.66794557251506,10.74815358511582,7.935170615669721,19.567417086792922,1193.4058386200409,Critical
96.9071984177294,7.523487676054626,8.787403032724198,11.9161219682085,1246.498705955475,Critical
85.81634764958565,5.306782679956123,5.381033576108873,18.42186314171952,1711.788390114066,Critical
48.40679054598715,5.538840249334861,4.423447245123434,21.10860086091958,1206.5881789073687,Healthy
92.10807855387478,8.651799611464876,4.602361072184249,23.935124893844815,1942.4749359668033,Critical
69.24587189497082,1.0354008996470654,7.700970664788103,13.00424551699344,1685.5133227985602,Healthy
93.67313361364549,7.815482712058247,8.534235732045088,20.665959659120954,1516.915091088104,Critical
87.99131535683891,4.9104231148549315,3.4529117420528213,10.318569012642376,1857.074192653703,Critical
65.512810268154,9.736170644047927,4.967528065262122,24.806646075872965,859.5270900193793,Critical
41.348158499207045,2.0228970380544538,9.2155215739932,5.515391975287023,1108.4752306270505,Healthy
56.12064156309677,7.470224936432295,8.453548157557915,17.070576130022417,1358.043601065092,Warning
72.49805287965202,6.290701788747361,9.878867222099807,18.19011963302654,1072.3742473658253,Warning
78.00869318956885,8.0655807849575,8.033986077456646,18.760911141482577,1692.6862247625822,Warning
55.47326112599214,1.7133895393126517,5.145561608223378,7.407751575781781,1903.0496372644702,Healthy
48.36136444436945,7.379821661709444,6.725102671957102,23.770595669462608,1308.5241439171082,Warning
90.09581420795794,7.176330467554761,7.288114033978562,8.623665581001656,1210.559120134274,Critical
99.06413084221313,7.16726103857788,2.6276465305369916,17.45506806479682,1953.8608785650795,Critical
71.54141093816115,7.638364332561003,6.355975672830921,9.453521582461699,1333.822919393049,Warning
50.30075715089821,8.441147309489985,7.674566627780877,11.144328340425417,1386.8580805391398,Warning
56.338439591162135,9.854878996488468,3.338570432008483,15.929170834562488,1221.9798468102865,Critical
41.103440592848,3.968027921410358,8.245053739404458,13.34386837129153,1891.458167614566,Healthy
94.85792839362995,10.075543511980683,6.670182244112893,8.204512019530126,1482.7465799382207,Critical
47.06506497340847,6.48081250489799,9.617774285580758,8.418728048416966,1714.6095046179735,Warning
74.59098853085521,1.8476410704776427,2.3393783856551336,13.362895763255993,1774.1680620210636,Warning
56.44331324123236,1.6440602216837712,4.122609100443736,20.145659565510016,1210.2188503007098,Healthy
73.2506801509476,4.676621505656669,6.8124310343985925,22.95929293695577,1320.4331975844561,Warning
79.08522330111185,9.633866748226144,4.372479297647446,6.682553245187657,1818.1661292875176,Critical
89.7845082224321,8.784490282150074,7.715393312569938,12.86207815118802,1235.9064220109722,Critical
52.3852763056362,9.674764611396471,8.072042260175447,7.004911274457532,1752.7221601422216,Critical
40.65974971950883,6.689959620857703,2.8201277125317956,5.331849612651958,1929.1907870893244,Warning
48.213137804128436,5.842188977510396,6.110835713654142,18.234373652879132,1547.8524476816083,Healthy
94.0011185108863,2.6219777937691235,6.071124444728447,17.048988839331756,1689.9527449422667,Critical
92.43340465375091,4.610120289702428,4.9542461617243285,8.260382276297724,1766.1167744493619,Critical
75.8447861302185,5.774213027912628,9.463398900557376,9.676256661861283,1814.0475786759712,Warning
76.0310116260192,1.9746047264757896,8.62005055898577,5.474155072890367,1274.0640054281553,Warning
79.90220047277532,3.426731479823324,7.577675055277094,21.698944113888075,861.5161510111978,Warning
50.522276717406974,7.580478234701127,7.71461308587998,24.49381192097103,1282.2515254840873,Warning
94.8647167554976,9.092294256631089,5.693729150504953,7.7091907358938165,1608.5074757409077,Critical
65.12623149352439,11.981822625322446,9.367956168772608,9.629504275305962,1340.4204629369515,Critical
62.98831169496985,11.264246644779135,7.556763418026283,22.36819047893868,1698.7557810324784,Critical
71.13506231697025,8.068217194887108,7.8318484932465315,23.529275959123698,1228.3789153623966,Warning
42.817958006503304,5.633728586234792,8.893527230298762,13.392547656136207,1561.6929693248353,Healthy
49.97700212536476,7.99795101179056,4.192572714737528,6.012449445381483,1023.7037658247696,Warning
84.28201698558223,9.642167798882552,8.456567230933624,5.787836673856388,1699.2433239739485,Critical
44.967920075507585,2.3016981001572603,3.5619248236519363,16.47899732138021,1454.8351625756309,Healthy
76.1891265679833,5.508953786659171,4.762735617959103,12.857902177863581,1044.8772662559206,Warning
54.72094658087926,10.23782514199179,4.684883634158742,5.57304855155309,1150.2934081973688,Critical
63.35773684251859,5.222162471263484,9.828203747113125,16.665047846251134,1698.3304502981987,Healthy
57.32162420624199,7.2905949834990516,8.852297789983414,5.226050731780449,1379.1214827938247,Warning
61.34036298789695,7.4654629694841805,7.609358892722078,20.747439162985458,1059.2377284716868,Warning
83.14275431105473,3.029238784470033,7.816454092923121,11.128656454067432,1960.7254284443572,Warning
57.8273029373905,4.984589858175172,6.496582355220569,5.805160060184642,1658.1500237802657,Healthy
73.98427841781384,4.679624176161253,9.576725336868153,16.767044419663065,1948.5617990477554,Warning
68.56302413194598,1.2881637938527128,5.970070023058892,12.953688288661095,1312.526054432412,Healthy
79.8202699217589,1.2661094028049078,5.044141678959156,24.47600826714299,1370.1204088300647,Warning
96.20978435948548,10.148667480433508,3.304282695452728,15.883973250074044,1877.546259422023,Critical
83.95432583261501,4.003778909700936,8.289645218088463,10.504783620740167,1430.0592082944615,Warning
52.896422715445404,6.69886642862697,7.8755514566047315,19.188777292679497,1648.7346942868007,Warning
41.87098810367708,4.285981309476504,5.074840308193079,10.429840050854226,1102.6074529946359,Healthy
55.73584265798951,11.347471696268746,2.201547311673835,23.0848658281513,1336.0717624431686,Critical
75.70467584201529,3.852264347523511,8.711978621744086,12.494439410147528,948.1398389724261,Warning
43.08554880905502,5.726224940128286,2.091343867632589,15.997371255524104,1047.176043052354,Healthy
69.78197483207418,10.60003275533062,7.629598237032408,6.011462076484577,801.1320983211573,Critical
75.81057093501335,10.261269234709895,9.762056877808456,13.522424759044615,847.1180619783922,Critical
60.05463344901765,3.0471155963090504,5.501290625185628,21.6472707932199,1972.7405878123152,Healthy
86.25473222474932,9.829076407752815,3.879787239967622,21.11297610726684,1090.8244341641148,Critical
46.39589518802631,6.040055754116819,7.638968080347054,9.486371177070525,1595.9728514048024,Warning
44.50826690414853,6.3126575929389075,8.537025136124681,9.521581420211254,1806.9196385595337,Warning
83.6913253722162,2.4682796965753817,6.3714425286227785,21.346106244264735,1460.7925510838772,Warning
69.72947897237191,1.8866166513283713,9.73628220204917,23.60796840338651,983.7734001007475,Healthy
81.30414378566417,9.007332376711418,2.413349773263689,6.907218425460071,1673.7397248033997,Critical
66.08964031622477,6.461072675908297,6.038364786436225,14.001172788524505,1520.3016921194996,Warning
54.78412199434641,5.805357728766975,7.747631578580401,11.749085579284579,1677.50070721685,Healthy
89.14613906045199,9.024590515176364,8.901123769193433,22.413769109148788,1723.6959474285045,Critical
87.96495273813875,9.420641888902207,3.4340448952623204,6.670498293600375,1970.4924412216942,Critical
81.6817882512656,2.7479898443628894,8.400027854109451,9.222518851160748,1488.275936032052,Warning
56.32870823379776,7.712476644254054,6.421656605748362,20.049366751729885,1209.9693352287222,Warning
75.41384001214523,2.488894905054541,5.172429455919706,6.025876979624312,1578.1574682802845,Warning
61.65843381640161,9.265125946319502,3.0537202286327485,14.850707614285785,882.1288510911513,Critical
45.49492439959805,8.226506718938534,8.922366071271298,13.8421406935944,1876.8767819859036,Warning
95.03881452773456,11.522760831918038,3.258185665437723,11.688023579774974,943.2572136058361,Critical
48.209117855137684,1.758538179920633,4.478302873672794,12.891446306378477,1193.411405462982,Healthy
97.01424122924814,1.6276019326637976,4.320364255699495,15.59881173860466,1778.894456751345,Critical
66.76034637747735,4.104057821625202,8.971312273526834,8.227347167767663,1516.7748539968543,Healthy
